value,word,meaning
1,א,"alef, 1st letter"
2,ב,"beth, 2nd letter; prep. in, within, with, among, at, by, against"
3,אב,"father; freshness, fresh green"
3,בא,"to come, go"
3,ג,"gimel, 3rd letter"
4,אבא,father
4,בב,hollow; a vein
4,גא,proud; below
5,אבב,"fresh, bright"
5,אד,"mist, vapor"
5,בג,back
5,ה,"Heh, the 5th letter; pref. definite article; pref. interrog. part."
6,דב,a bear
6,גבא,"to gather, collect"
6,גג,"roof, top; Gog, the giant whose partner is Magog"
6,הא,a window
6,ו,"vau, 6th letter; so, then, and, but"
7,אבד,"lost, ruined; perish"
7,אהא,a name of GOD attributed to Venus; initials of Adonai ha-Aretz (cf. 361)
7,וא,"desire; either, or"
7,דאב,was weary
7,דבא,"riches, power"
7,דג,fish
7,גד,"Gad, a tribe of Israel; good fortune"
7,ז,"Zayin, the 7th letter"
8,אבה,"to will, intend, be willing, consent; her father"
8,אגד,bind
8,אהב,"desired, beloved; love (v.)"
8,אז,then
8,באה,"the entrance, threshold"
8,בו,"in him, with him"
8,דאג,"to be anxious, grieve"
8,דד,"love; beloved, breast; pleasures of love"
8,ח,"cheth, the 8th letter"
8,זא,Notariqon of Zaur Anpin=478 (q.v.)
9,ט,"teth, 9th letter"
9,אבו,his father
9,אוב,"skin-bottle; necromancer; ghost; Ventriloquus: the special fire"" of black magic, whence Obi, Obeah. Cf. 11 and 207"""
9,אח,brother
9,אזא,he kindled
9,בגד,a garment; act or deal treacherously; treachery
9,בוא,"come in, come, go in, go"
9,גאה,"became powerful, grew high; rise up (waters), grow up (plants), be lifted up, exalted (head)"
9,גו,middle
9,הד,splendor; cf. 15
10,אט,enchanter
10,בזא,"divide, cut through"
10,דאה,"flew, soared"
10,דו,two
10,גבה,"elevated, exalted, high"
10,הגב,a locust
10,הה,window
10,חב,a hidden place; bosom
10,זאב,a wolf
11,אהה,ahah
11,אוד,"firebrand, volcanic fire; the special fire"" or ""light"" of the Sacred Magic of Light, Life, and Love; hence ""Odic Force"" &c. Cf 9 and 207"""
11,אי,where
11,בבוא,when
11,דהב,gold (Chaldee)
11,גדד,"to penetrate, cut, attack"
11,חבא,to conceal
11,חג,a circularity of form or motion; a feast
11,זד,"proud, haughty"
12,אוה,"he longed for, missed"
12,אזד,"he departed, went forth"
12,דגה,to multiply
12,גט,"a little book, pamphlet, letter; tools"
12,הבה,a city of Edom
12,הוא,he.
12,וו,"vau; hook, nail, pin"
12,חבב,"to love; (Aram) to kindle, be set on fire"
12,חד,"to penetrate, be sharp; (Chaldee) one"
12,זה,this (m.)
13,אבי,my father
13,אגדה,"a small bundle, bunch"
13,אהבה,"beloved; love; a band, thong"
13,אחד,one (m.); unity
13,איב,hated
13,בהו,emptiness
13,דאגה,anxiety
13,דוג,a fisher
13,גהה,raised up
13,גי,"Chokmah, 42-fold Name in Yetzirah. (See 777)"
13,הדד,a city of Edom
13,הגה,thunder; to meditate; he removed
13,יבא,he shall come
13,זו,here; this
14,אטד,"Rhamnus; a thorn, spine"
14,בזה,despise
14,דבח,sacrifice v. & s. (Chaldee)
14,דוד,"beloved, love; David; pot, jar"
14,גיא,rising ground; Earth of Geburah (see 777)
14,הב הב,"Give, give! (vide no. 17, YHB)"
14,הדה,"to grind, direct, stretch out"
14,יד,hand
14,זהב,gold
15,אבוהא,Angel of 3rd Decan Sag.
15,אביב,the month of Exodus and Passover
15,איד,"steam, vapor; distress, calamity"
15,דוה,"be ill, unwell"
15,גאוה,pride; a carrying out; exaltation
15,הוד,splendor; the 8th Sephirah
15,חבה,"to hide, withdraw"
15,יה,the Monogram of the Eternal
15,זוב,"overflowing, abounding"
16,אחז,"he seized, cleaved to"
16,אזוב,Hyssopus
16,גבוה,"elevated, exalted, high"
16,הוה,"(verb. subst.) injury, war, lust; fell"
16,היא,she
16,וי,alas!; woe
16,זוג,"like, equal to"
17,טוב,"good, pleasing, pleasant, agreeable; a good thing, benefit, welfare"
17,אגוז,nuts
17,אוי,ah!; alas!; woe!
17,גדי,Capricornus
17,גיד,"nerve, sinew, tendon [Gen. xxxii, 25 & 33]; penis"
17,הגדה,"narrative, subtle discourse"
17,ההוא,Kabbala Denudata p. 267
17,הזה,"to dream, rave"
17,חדה,"to brighten, make joyful"
17,חוג,"a circle, orbit"
17,יהב,"to give, place"
17,זבוב,a fly
17,זבח,sacrificed
18,אביה,her fathers
18,אהבי,"my favorite, my beloved"
18,איבה,hatred
18,חטא,"to miss (a goal or way), go wrong, sin; sinful; sinners"
18,חי,"living, alive, lively, vivacious, active, raw, fresh, strong, healthy, undiluted, unadulterated"
18,יאוא,"Notariqon of Yehi Aur, etc."
19,טבח,cook :NM:; guardsman
19,אביו,his fathers
19,אהוז,Angel Lesser Angel governing Triplicity by Day of Sag.
19,אויב,an enemy
19,איוב,Job
19,דיה,was black
19,גוי,"heathen (now only pejorative; originally nation"", people)"""
19,חטב,"cut or gather (fire)wood; be turbid, dusky"
19,חוה,"Chavvah, Eve; to manifest, show forth"
20,אחוה,fraternity
20,דיו,black liquid
20,היה,it was
20,חזה,the breast; a vision; a prophet; to gaze
20,יובב,"Jobab, an Edomite king"
20,יוד,hand
21,אהיה,"I will be/am; existence, being, the Kether-name of GOD"
21,אכ,"but, yet, certainly"
21,הגיג,deep meditation
21,הוי,ah!; alas!
21,יהו,vide Sepher Yetzirah
21,זחו,"purity, innocence"
22,טובה,"good :Fadj:; welfare, benefit, good things"
22,בידו,with/by/in his hand; Night Demon of 1st Decan Can.
22,ביוד,by Yod
22,האאיה,hearer in secret; Angel of 8 Wands
22,חטה,wheat
22,חזוא,a magical vision (Chaldee)
22,יאיא,"Notariqon of ""Tetragrammaton, יהוה Elohim Tetragrammaton, יהוה Achad"""
22,יחד,Unity
22,זווג,the state of puberty
23,אבכ,your (s.) father
23,כאב,pain; be in pain
23,חטאה,"sinful thing, a sin; sin-offering"
23,חדוה,joy
23,חוט,a thread
23,חיה,life
23,זחח,"parted, removed, separated"
24,טבחה,cook :NF:
24,אהובי,he whom I love
24,אוהבי,he who loves me
24,אזבוגה,"a Mercurial God. His essence is AZ, 8"
24,דכ,a pauper
24,דודי,my love; mandrake
24,גויה,sustance; a body
24,הבביה,Angel of 2 Cups
24,כד,a water-pot; a large earthenware vessel
24,זיז,abundance; moving things (i.e. beasts)
25,דכא,to break
25,כה,thus
25,חיוא,the Beast
25,יהוד,"Jehewid, GOD of Geburah of Binah"
25,יהי,let there be
25,יזח,will be separated
26,הויה,[vide Kabbala Denudata p. 273]
26,כבד,"be heavy, weighty, burdensome, honored; Kebad, husband of the impure Lilith [Kabbala Denudata 464]"
26,חוזה,"seeing, looking at"
26,חזוה,"sight, vision"
26,יהוה,"Tetragrammaton, the LORD, the Unutterable Name, the Lost Word"
27,בכה,"wept, mourned"
27,חידה,"a parable, enigma, riddle"
27,זכ,purity
28,טיט,clay
28,כח,power
28,יחוד,"union, unity"
29,דכה,"is broken. [Ps. x. 10]; bruising, hit in the groin, injured in the testicles"
29,הדכ,"to break down, overturn"
30,ל,"lamed, 12th letter"
30,חייב,"a party to an action at law; defendant, plaintiff. [Note L = 30 = Libra = Justice""]"""
30,יהודה,Judah
30,יהיה,it will be
31,אל,"GOD of Chesed, and of Kether of Briah; to, toward"
31,איכ,how?
31,הכאה,"a beating, striking, collision"
31,כוה,"burn, scorch, brand"
31,לא,not
31,ויהי,and there was; it came to pass
31,ייאי,Key of Solomon Fig. 31
32,אהיהוה,"Coalescence of אהיה and יהוה Macroprosopus and Microprosopus. This is symbolized by the Hexagram. Suppose the 3 H's conceal the 3 Mothers א, מ and ש, and we get 358 q.v."
32,בל,Lord
32,כבוד,"glory, honor, splendor; abundance"
32,לב,"heart, mind, will, inner man"
32,והויה,Angel of 5 Wands
32,חזיז,"zig-zag, fork-lightning"
32,יחיד,unity Kabbala Denudata p. 432
32,זכה,was pure
32,זיווג,Copula Maritalis
33,אבל,"sorrow; wept, mourned; mourning; meadow; verily, of a truth; howbeit"
33,אביכ,your (s.) fathers
33,באל,Day Demon of 1st Decan Aries
33,בלא,to destroy (Chaldee); (?) a king of Edom
33,גל,"spring, fountain"
34,אל אב,"GOD the Father"", divine name attributed to Jupiter"""
34,דל,a pauper
34,גאל,"to ransom, avenge, pollute; redeem, act as kinsman"
34,גלא,to reveal
34,הדיוט,"a common person; uneducated, ignorant"
34,לבב,"heart, mind, will, inner man"
34,חהויה,Angel of 7 Cups
35,אגלא,"Agla, a name of GOD; Notariqon of Ateh Gibor le-Olahm Adonai"
35,גבל,"boundary, limit"
36,אהל,"Tabernaculum; tent; tent (v.), move tent from place to place; be clear, shine; odorif. tree (?aloe?)"
36,אלה,an oak (n.f.); Duke of Geburah in Edom; to curse; name of GOD attributed to Mercury
36,איכה,how? (vide Lamentations)
36,הלא,"to remove, cast away; removed far off"
36,לאה,Leah
36,לו,"perhaps, possibly; would that; to him"
36,וידוי,confession
37,אכאיה,Angel of 8 Pentacles
37,אלהא,GOD (Chaldee)
37,אלו,behold!
37,בלה,"perished, grew old"
37,דגל,banner
37,גדל,"grow up, become great"
37,הבל,"tenuity, breath, vanity; in vain; Abel. [:IZQ:, the Supernal Breathers""]; vapor, breath; act emptily, become vain"""
37,להב,flame
37,לז,(?) devotion of force
37,ואל,night Demon of 2nd Decan Sag.
37,יחידה,"Jechidah, the Atma of Hindu philosophy; one, only one, solitary"
37,זל,profession
38,אואל,night Demon of 2nd Decan Cancer
38,אזל,he departed
38,גלה,a city in the mountains of Judah
38,גיחזי,"Gehazi, servant of Elisha"
38,לח,green
38,חל,"to make a hole, hollow; to violate"
38,חיכ,the palate
38,זכאי,innocent
39,טל,dew
39,אלח,be corrupt morally
39,כוזו,metathesis of יהוה
39,לט,he cursed
39,יהוה אחד,"the Eternal is One (lit. יהוה is One"")"""
39,יחויה,Angel of 3 Pentacles
39,זבל,"exalt, honor; elevation, height, lofty abode; an officer of Abimelech"
40,בלדד,Bildad
40,גואל,"Liberator, a title of Yesod"
40,גזל,to cut off
40,לי,to me; mine; I have [a thing]
40,חבל,"a rope; a cord, territory, band; mast; sailor; to act ruinously; destruction, ruin; to bind, pledge"
40,חלב,milk (n); fat (n)
40,יד יהוה,"the Hand of the Eternal (lit. the hand of יהוה"")"""
41,אלוד,night Demon of 1st Decan Virgo
41,אלי,my GOD
41,אמ,if; if but!; when; whether; was?; mother
41,אחלב,fecundity
41,איל,ram; force; hence = a hero
41,בטל,"to fail, cease"
41,גאואל,divine majesty
41,גבול,terminus
41,גחל,to burn
41,הול,terror
41,לבט,"to bewilder, trouble; to fall; trouble, toil, difficulty, torture, pain"
41,חגל,to go round in a circle
41,יה יהוה,[vide Ps. cxviii & Idra Rabba Qadisha 778]
42,אלוה,"Eloah, a name of GOD"
42,אמא,"the Supernal Mother, unfertilized; cf. AYMA=52"
42,איאל,Angel of Aries
42,כבודי,"my glory, my honor"
42,חדל,to cease
42,חלד,"the World, Earth of Malkuth"
42,יבל,"to conduct, bear along; watercourse, stream; son of Lamech by Adah"
43,גדול,great
43,גיל,to rejoice
43,לביא,[vide Kabbala Denudata p 151; see no. 340]
43,לוז,"hazel, almond"
43,חלה,"Challah; to make faint [vide Kabbala Denudata p. 346]; be weak, sick; sickness; mollify, appease, seek the favor of"
44,טלה,a ram; Aries
44,אגלי,drops
44,אגמ,a troubled pool; sad
44,דלי,Aquarius
44,דמ,blood
44,גולה,captive; captivity
44,גיאל,Angel ruling Gem.
44,הלאח,"out there, onwards, further"
44,להט,flame
44,חול,sand; horror. see Scorpion Pantacle in Key of Solomon and 10th Aethyr
44,יוד הא וו הא,יהוה in ? World. [vide Kabbala Denudata p. 251]
45,אדמ,"Adam; man, mankind; be red; carnelian"
45,אגיאל,Intelligence of Saturn
45,אמד,the Fool
45,גאולה,"redemption, liberation"
45,המ,to grow warm; them
45,מאד,"greatly, strongly; muchness, force, abundance, exceedingly; (? from MAVD, from a fire-brand"")"""
45,מה,"how!; what?; Yetzirah's Secret Nature"" [vide Idra Rabba Qadisha xxxiv.]"""
45,חבלה,she who ruins
45,יוד הא ואו הא,יהוה in Yetzirah
45,זבול,heaven of Tiphareth
45,זחל,hesitated [vide no. 405]
45,זזאל,spirit of Saturn
46,טואל,Angel ruling Taurus
46,אלהי,a name of GOD
46,אמה,"mother-city, metropoolis; ell, cubit; a female slave; cubitus"
46,בדיל,"tin, the metal of Jupiter"
46,הבדלה,"a dividing, sundering, separation"
46,לוי,"Levi, Levite"
46,חובל,a ruiner; ruining
47,טבול,turban
47,אויל,"foolish, silly (stultus)"
47,בכייה,a weeping
47,במה,cloud; high places; waves; fortress
47,חלט,"to clutch, hold"
47,יואל,Angel ruling Virgo
48,אבהמ,their (m. pl.) father
48,גדולה,"greatness (cf. rachamim, RXMYM=298, mercy)"
48,כוכב,"a star, planet; Sphere of Mercury"
48,והואל,Angel of 2 Wands
48,חמ,"to grow warm; heat, fire; black; Ham, son of Noah"
48,חיל,a woman [vide Kabbala Denudata p. 320]; strength; an army
48,יובל,Jubilee
49,אל חי,"the Living GOD ; God is life""; ""God of life"""""
49,דמה,resembled; meditated; silent
49,גולחב,Qliphoth of Geburah
49,הגיאל,Intelligence of Mercury
49,לידה,"a bringing forth, birth, nativity"
49,מט,the Rod of Aaron
49,מדה,"a measuring, measure"
49,מוג,solve [vide no. 103]
49,חמא,"heat, fury (Chaldee)"
49,חולה,"drooping, being sick"
49,חילא,strength
50,טמא,"unclean, impure"
50,אטמ,"closed, shut up"
50,אדמה,"red earth, the soil; Earth of Chesed"
50,אלדיה,Angel of 9 Pentacles
50,דג גדול,Jonah's Whale
50,דומ,spread slander
50,המה,to ferment
50,כל,"all, every"
50,לכ,to thee
50,מי,what?; which?
50,נ,"nun, 14th letter"
50,חבלי,"pains, sorrows"
50,ילי,2nd :Sh:
50,ימ,the sea
50,ייל,58th :Sh:
51,אדומ,Edom
51,אכל,ate; devoured
51,אנ,pain
51,אימ,terrible; day Demon of 2nd Decan Scorpio
51,הומ,"tumultuously [vide no. 451]; to harass, perturb"
51,נא,failure
51,יההאל,Angel of 8 Swords [vide Key of Solomon]
52,אבא ואמא,father and mother
52,אליהו,"Elihu = Eli Hua, He is my GOD"", who is the Holy Guardian Angel of Job in the allegory"""
52,אנא,[vide Kabbala Denudata p. 134]
52,אימא,Supernal Mother
52,בהמה,"a mare; brute animal, beast"
52,בכל,"from all, among all; with all"
52,בנ,"son; the Son: Assiah's ""Secret Nature"""
52,בימ,day Demon of 2nd Decan Sag.
52,כלב,a dog
52,לאויה,"Angel of 4 Cups, and of 10 Pentacles"
52,חמד,a desirable one; to desire
52,יבמ,a husband's brother
52,יהואל,"Angel of Kether of Binah, and of Jesod of Binah"
52,יוד הה וו הה,יהוה in Assiah
52,זמה,"meditation, imagination, sin"
53,טחול,the spleen
53,אבנ,"a stone, rock; the stone that slew Goliath; wheel, disc"
53,אליהוא,Elihu [vide 52]
53,גנ,a garden
53,הזיאל,Angel of 9 Pentacles
53,מאהבה,a lover; from love
53,חמה,"to defend, hide; a wall; the sun; fury"
54,אגנ,"a basin, bowl, vessel [Ex. xxiv. 6]"
54,דמי,rest; my blood
54,דנ,"a tribe of Israel; to judge, rule [vide Kabbala Denudata p. 37]"
54,להטי,my flame; enchantments
54,מטה,"a bed; stick, rod"
54,נד,to remove
54,חומ,pertaining to summer
55,דומה,"silence. [For name of Angels, see Sohar Sch. V. Cap. 18]"
55,גנב,thief; stole
55,הדומ,a footstool
55,הלכ,"to go, walk"
55,הימ,"to swell, heave [vide no. 51]"
55,כלה,"be complete, at an end, finished, accomplished, spent; completion, complete destruction, annihalation; failing with desire/longing"
55,מזח,"[vide Ps. xciii & Prov. viii. 22]; platform, pier; girdle"
55,נגב,noon; midday
55,נה,ornament
55,חוליא,"knuckle; member, limb"
56,אנה,he suffered
56,אימה,dread; terror
56,גחילה,"robbery, pillage"
56,הייאל,Angel of 4 Cups
56,נאה,beautiful
56,יומ,day
57,אבדנ,rim
57,אנו,"we, us"
57,אוכל,consuming
57,אונ,"wealth, an age, time; night Demon of 1st Decan Scorpio"
57,איומ,"formidable, terrible"
57,בנה,built
57,ביטול,"a breaking down, subversion, destruction"
57,דגימ,Pisces. [Fish (pl.); vide 7]
57,לוויה,Angel of 5 Cups
57,מחבוא,"the laying-by, making secret"
57,מזבח,altar
57,ווליה,Angel of 8 Cups
57,חטמ,"hold in, restrain"
58,טליהד,ruler of Water
58,אבהנ,their (f. pl.) father
58,אביהמ,their (m.) fathers
58,אהבימ,[vide no. 499]
58,אזנ,[vide Kabbala Denudata p. 69.] an ear
58,דאגנ,night Demon of 1st Decan Sag.
58,להחיה,Angel of 3 Pentacles
58,נהג,"drive, conduct (v.); moan, lament"
58,נח,[vide Kabbala Denudata p. 69]
58,חנ,"love, kinness, grace; Notariqon of Chokmah Nesethrah, the Secret Wisdom"
58,חילי,"my strength, power, might"
58,ייזאל,Angel of 6 Swords
59,אבנו,our father
59,אחימ,brethren. [referred to Lilith & Samael - Kabbala Denudata p. 54]
59,דמיה,"silence, still waiting, repose"
59,גוימ,"heathen (now only pejorative; originally nations"", peoples)"""
59,נדה,menstruata
59,חומה,a wall
60,טנא,a basket
60,בחנ,tried by fire; a watch-tower
60,גאונ,"excellence, sublimity, glory, pride, majesty; exaltation"
60,הלכה,"constitution, tradition"
60,הנה,to behold
60,מחזה,"view, sight, vista, vision, apparition, hallucination"
60,נגבה,the Southern district
60,ילהיה,Angel of 8 Cups
61,אדונ,"master, lord, Lord, Adon"
61,אלל,be weak or insufficient
61,אליכ,"towards, to thee"
61,אני,"I, myself, me"
61,אינ,"the Negative, non-existent; there is no, there is not"
61,בטנ,the belly
61,דמביה,Angel of 10 Swords
61,הונ,wealth
61,היומ,the day
61,נגח,"push, thrust, gore"
61,נוה,Habitaculum
61,יייאל,Angel of 6 Cups
62,אסא,healing
62,בההמי,Angel of 2nd Decan Aries
62,בני,sons (when used as part of a phrase)
62,זנה,to commit; healing
63,אבדונ,"Abaddon, the Hell of Chesed"
63,אבכמ,your (m. pl.) father
63,אבס,"feed, fatten"
63,גלל,"dregs; roll, roll away; feces (globular); dung"
63,חוטמ,the nose
63,חימה,fervor
63,יוד הי ואו הי,יהוה in Briah
63,זונ,fed
64,אנחה,"a sign, groan, deep breath"
64,דני,(Din and Dony are twin Mercurial Intelligences in Gemini)
64,דינ,justice; an alternate title of Geburah
64,מי זהב,the golden waters
64,מיזהב,[Idra Rabba Qadisha xl. 996]
64,נבואה,prophecy
64,נוגה,Sphere of Venus; shining; one who shines
64,נוח,Noach; (v.) rest
65,אדני,Adonai; my lords
65,אוחימ,weasels and other terrible animals
65,דומיה,"silence, still waiting, repose"
65,הלל,"shone, gloried, praised"
65,הס,to keep silence
65,היכל,the palace
65,ללה,6th :Sh:
65,מכה,"a beating, striking"
65,מזוזה,a door post; Mezuzah
65,נהי,[vide Kabbala Denudata p. 563]
65,חזנ,defective [vide Kabbala Denudata p. 339]
65,יהלכ,he will go
66,אכילה,"food, victuals"
66,אלהיכ,the Lord thy GOD (is a consuming Fire). [Deut. iv. 24]
66,אניה,a ship
66,בחונ,"a trial, an experiment"
66,דנהבה,a city of Edom
66,גלגל,"wheel, wind, whirlwind. [called Cognomen Schechinae""]"""
66,כמו,"(adv. and conj.) like, as, when"
67,אוני,[vide Kabbala Denudata p. 57]
67,בינה,understanding; the 3rd Sephirah
67,וינא,night Demon of 3rd Decan Gem.
67,חנט,to embalm
67,יבמיה,Angel of 3 Cups
67,זלל,debased
67,זינ,"zayin, the 6th letter"
68,אביהנ,their (f.) fathers
68,לולב,Ramus Tabernacularis
68,ויבנ,wise; intelligentsia?
68,חכמ,to be wise
68,חלל,emptiness
68,חס,to pity
69,אבוס,"a manger, stable; an enclosure"
69,אבינו,our fathers
69,הדס,myrtle
69,וכביאל,Lesser Assistant Angel of Pisces
70,אדניה,"(a proper name, my Lord is YH"")"""
70,הסה,"hush, be silent"
70,כנ,"(adj.) right, veritable, honest"
70,ליל,night
70,סוד,"council, counsel; [vide Ps. xxv. 14.] the Secret Council (note: Tanakh has counsel"" here); secret; deliberation, sitting, session, consultation"""
70,יינ,"wine; wine-maker, wine expert, vintner"
71,אללי,alas! woe!
71,אלמ,"silence; silent; dumb, unable to speak; bind (verb)"
71,אליל,"nothing; an apparition, image"
71,אמדוכ,night Demon of 1st Decan Aqu.
71,אנכ,"lead, the metal of Saturn; a plummet-line, level, water-level; to straighten, make straight; onyx"
71,אימכ,thy terror
71,מלא,"plentitude, fullness; that which fills; be full, fill; full (adj.)"
71,חזונ,"vision; divine communication in a vision, oracle, prophecy"
71,ינוה,a dove
71,יונה,"a dove, pigeon"
72,עב,"Atziluth's Secret Nature"" - dark cloud, cloud-mass, thicket; Aub"""
72,אדוכיאל,Geomantic Intelligence of Sag.
72,אדונאי,"Adonai, transliterated as by Legemeton, etc."
72,בכנ,"in, so, thus, then"
72,בסוד,"in the secret; secretly, in secret"
72,מכבי,Maccabee
72,ויכלו,"and they are excellent, finished"
72,חסד,"mercy, kindness; be good, kind; the 4th Sephirah"
72,יוד הי ויו הי,יהוה in Atziluth
73,אבכנ,your (f. pl.) father
73,אביכמ,your (m. pl.) fathers
73,בליאל,"Demon-King of Hod, and night Demon of 2nd Decan Aqu."
73,גמל,"gimel, the 3rd letter; camel; short cubit; deal fully or accurately with, deal out to; wean; ripen"
73,חכמה,wisdom; the 2nd Sephirah
73,חסה,"to trust in, shelter in"
73,יומ טוב,"a day of feast (lit. good day"")"""
74,עד,"all the way, constantly; as far as, even to, up to, while; perpetuity; booty, prey"
74,דכימ,worn-out (? shameless) beggars
74,דיינ,"a leader, chief, judge"
74,למד,"lamed, 12th letter; ox-goad; exercise in, learn; taught"
74,סביב,a circuit; roundabout
75,בזיונ,contempt
75,גווני,"hues, colors, complexions"
75,הילל,"Lucifer, the Herald Star"
75,כהנ,priest; act as priest
75,כימה,the Pleiades
75,לילה,night
75,נויט,"Nuit, the Star Goddess"
75,יכדיאל,"[vide Key of Solomon, fig. 53]"
75,יללה,"a lamenting, wailing"
76,עבד,"slave, servant; work (vb), do work, serve"
76,ניחח,"rest, peace"
76,חביונ,"secret, put away; a hiding-place"
77,עז,strength; a he-goat
77,בעה,prayed
77,גיחונ,the river Gihon [Gen. ii. 13]
77,מגדל,"tower, citadel"
77,מזל,"the Influence from Kether; luck, fortune (Aram.)"
77,זידונ,overflowing [Ps. cxxiv. 5]
78,עזא,the name of a Giant
78,אומאל,Angel of 10 Wands
78,איואס,Angel of Ra Hoor Khuit
78,היכל אהבה,"Briatic Palace of Chesed (lit. palace of love"")"""
78,היומ הזה,"this day, today"
78,כדמדי,Angel of 1st Decan Taurus
78,לחמ,"fight, do battle; use as food, eat; bread (Ps. lxxvii. 25) = XLM, by metathesis [Kabbala Denudata p. 500]"
78,מבהאל,Angel of 2 Swords
78,מלח,"tear away, dissipate; rag; salt (n); salt, season (vb)"
78,מזלא,the Influence from Kether
78,חלמ,"dream, see visions; be strong; Chelem, Gotham"
78,חמל,to pity
78,חנכ,to initiate
78,יזלאל,Angel of 2 Swords
78,זמאל,Angel of Mars
79,עדה,"pass on, advance; ornament, deck oneself; conjunction, meeting, union"
79,בעז,"Boaz, one of the pillars of the Temple of Solomon"
79,גוע,die
79,סיט,3rd :Sh:
79,ומבאל,Angel of 8 Swords
79,חמאל,"Khamael (?Wrath of GOD""), the Archangel of Geburah"""
79,יאחינ,"Jachin, one of the pillars of the Temple of Solomon"
80,כלל,"universal, general"
80,כס,throne [Exod. xvii. 16]
80,פ,"peh, the 17th letter"
80,ועד,union; an assembling
80,יה אדני,GOD of Jesod-Malkuth of Briah
80,יסוד,foundation; the 9th Sephirah
81,טבע,"sink, sink down"
81,אלימ,GODS
81,אנכי,I [Ex. xxiii. 20]
81,אפ,"anger, wrath; nose"
81,כאינ,night Demon of 2nd Decan Virgo
81,כסא,"full moon; seat of honor, throne [cf. KSH=85]"
81,מולה,"circumcision [from MVL=75, circumcise; vide Ex. iv. 26]"
81,פא,"here, hither"
81,יילאל,"Hearer of Cries, Angel of 6 Pentacles, and of 5 Wands"
82,אנאל,Angel of Virgo
82,בעי,a prayer (Chaldee)
82,היכל גוגה,Briatic Palace of Hod
82,לבנ,Laban; white
82,חסיד,"kindly, righteously, holy"
83,אביע,abbreviatura quatuor systematum
83,אביכנ,your (f. pl.) fathers
83,אגלי טל,the drops of dew [Job xxxviii. 28]
83,בנייהו,"Benajahu, son of Jehoiada [lit. sons of YHV"""""
83,גלימ,"a flowing, waves"
83,גפ,"person, self; (Chaldee) wing; to close, shut, cork"
83,גימל,"gimel, the 3rd letter [cf GML=73]"
83,לכבאל,Angel of 2 Pentacles
83,חנכה,consecration; dedicated
83,זוע,"to flee, put one's things in safety [Jerem. vi. 1]"
84,אגפ,"a wing (army), squadron; a chosen troop"
84,אהחע,[:IZQ: 699]
84,אחהע,[vide Kabbala Denudata p. 71]
84,דממ,was silent
84,חלומ,a dream
84,חנוכ,Enoch
84,ידע,knew
85,בועז,Boaz (is referred to Hod)
85,גביע,"a flower, cup"
85,הממ,"put in motion, routed"
85,כסה,"seat of honor, throne [cf. KSA=81]; cover (vb)"
85,מילה,"circumcision [from MVL=75, circumcise; vide Ex. iv. 26]"
85,פה,"peh, the 17th letter; mouth"
86,אהיה אדני,"a name of GOD, asserting the identity of Kether and Malkuth"
86,אלהימ,Elohim. [note masc. pl. of fem. sing.]
86,הללויה,hallelu-Jah
86,המולה,a rustling of wings
86,הנאל,Geomantic Intelligence of Cap.
86,כוס,"a cup: hence Pudendum Muliebre (lit. disgraceful for a woman"", but here intended to mean ""a woman's sexual organs"")"""
86,מלוי,plenitude
86,מומ,"a blemish, spot, stain"
86,מיהאל,Angel of 10 Cups
86,יה יהוה אדמ,[vide Idra Rabba Qadisha 778]
87,אלונ,an oak (n.m.); [vide Kabbala Denudata p. 114]
87,אנוכי,"we, us"
87,אסוכ,a cup
87,בהלמי,Angel of 1st Decan Pisces
87,דגלימ,"standards, military ensigns"
87,גדפ,blasphemed
87,לבנה,whiteness; frankincense; Sphere of Luna
87,חסידה,white storks
87,זממ,determined
88,מגדיאל,a duke of Edom
88,נחל,"get or take as a possession; torrent, torrent-valley, wady; (?) palm-tree"
88,חכלל,redness; sparkling
88,חממ,to be hot
88,חסכ,darkness
88,יינ חי,"pure (undiluted, unadulterated) wine"
89,דממה,silence
89,גופ,"to close, shut, cork; body, self, subtance, person, being; matter, hull (of ship)"
89,מחיאל,Angel of 9 Swords
89,חלמאי,"wise man of Gotham, fool"
90,בבלונ,"Babalon, spelt properly in Hebrew"
90,צ,"tsaddi, the 18th letter"
90,דוממ,"very silent; one who is silent; being or growing dumb, silent, still; wailling"
90,גופא,"body, the very thing (Aram.); let us return to the essential subject"
90,מלכ,"king; be or become king or queen, reign; Melekh, a son of Micah; Molech"
90,מימ,"waters, water"
90,פוד,night Demon of 2nd Decan Leo
90,סל,wicker-basket
90,חבלימ,"union (lit. binders"")"""
90,יכינ,"Jachin, a Pillar of the Temple of Solomon; he will establish"""""
91,אמנ,amen [cf.741]
91,אפוד,the Ephod
91,אילנ,a tree
91,כליאל,Angel of 4 Swords
91,כמאל,"Archangel of Geburah (lit. severity of GOD"")"""
91,מאכל,"food, fare"
91,מלאכ,"angel, messenger"
91,מלכא,"daughter, virgin, bride, Kore"
91,מנא,"manna; portion, part; (Aram.) from where?/whence?"
91,נלבט,"to be bewildered, distraught, troubled, worried, thrown down"
91,פאהה,"Pekht, extension"""""
91,סוכה,"a hut, tent"
91,יאהדונהי,"the יהוה {ADNY}"""""
92,אניאל,Angel of 5 Swords
92,בצ,mud
92,פחד,"fear, terror; an alternate title of Geburah"
92,יהוה אלהיכ,"the LORD your GOD"" (Deut. xxviii. 58) [vide no. 572]"""
93,אצב,"sorrow, sadness, grief; pain, labor, toil; to grieve, sadden, pain; sad, sorrowful, melancholic; to cause sorrow; to form, shape, mold, fashion"
93,אהליבמה,a duke of Edom [vide also Ezekiel xxiii]
93,בני אל,the sons of (the merciful) GOD
93,צבא,"arduous, busy; an army"
93,לבונה,incense
93,מגנ,"a disc, round shield"
93,נחלה,possession (n)
94,טפה,a drop
94,דעכ,to extinguish
94,דפי,destruction [Ps. i. 20]
94,גופה,a corpse
94,גיחזיונ,the valley of vision
94,חלונ,a window
94,חופ,a shore
94,ילדימ,"children, offspring (pl.)"
95,אבנ גדלה,a (the) great stone
95,דניאל,"Angel of 2 Wands Daniel (lit. justice (from) GOD"")"""
95,ההעיה,Angel of 10 Pentacles
95,המנ,"multitude, abundance; Haman"
95,המימ,the waters
95,הסל,"to consume, eat"
95,מאדימ,"Mars; pl. of muchness, force, abundance"
95,מהלכ,"journey (lit. from going"")"""
95,מלכה,queen
95,סלה,"selah [Ps. xxxii. 5, 6, etc.]. weigh, balance; lift up (voices in song); alt. for SLL: lift up, cast up"
95,זבלונ,Zabulon
95,זחעי,Angel of 2nd Decan Leo
96,אל אדני,"a name of GOD, lit. GOD is my LORD"""""
96,אלהינ,Chaldee form of {ALHYM}
96,הבלי לידה,the pangs of childbirth
96,ללהאל,praiseworty; Angel of 7 Wands
96,מלאכה,work
96,סוד יהוה,the secret (counsel) of the Lord [Ps. xxv. 14]
96,יוממ,by day
97,טפח,"a hand-breadth, palm [I Kings vii. 26, Ex. xxv. 25]"
97,אמונ,"changeless, constant; the GOD Amon"
97,אומנ,"breeder, rearer; day Demon of 1st Decan Gem."
97,בנ אדמ,the Son of Man
97,האניאל,"Archangel of Netzach (lit. grace of God"")"""
97,לבינה,"a brick, tile"
97,מבנה,a building; an architect
97,מי אל הטב,"Aquae EL Boni. [Quicksilver"", Kabbala Denudata p. 442]"""
97,חטפ,"to catch, seize"
97,זמנ,"time, season; the appointed time"
98,צח,"pure, fresh, clear, bright"
98,הוא אלהימ,"a name of GOD (lit. He is God"")"""
98,מנהג,"custom, manner, usage, way, conduct, habit"
98,חמנ,"image; hid, concealed - pertains to Sol and the Lingam-Yoni"
98,זמנא,temporary dwelling [Ex. xxxiii. 11]
99,טיטהיונ,"Clay of Death, Infernal Abode of Geburah"
99,צדה,lie in wait
99,חופה,"the Vault of Heaven; an inner chamber; wedlock, nuptial"
99,ידיעה,"cognition, knowledge"
100,כלימ,"vases, vessels"
100,כפ,"kaph, the 11th letter; palm of the hand"
100,מדונ,"an effort, exertion [Idra Rabba Qadisha 995]"
100,מחי טבאל,mitigation of the one by the other
100,ימימ,days; the seas; the times [vide no. 1100]
101,אלע,"swallowed, destroyed"
101,אק,[vide Kabbala Denudata p. 147]
101,אסמ,a storehouse
101,מלוכה,"kingdom; a virgin princess, esp. THE Virgin Princess, i.e. Ecclesia"
101,מומיה,Angel of 4 Cups
101,מיכאל,"Michael (lit. who is like GOD?""; Archangel of Sol and Fire; Angel of 7 Swords; Angel of Malkuth of Briah, etc."""
101,נימא,gut; gut-string
102,בנימ,sons
103,עגל,a calf
103,אבק,(n.) dust; (v.) wrestle
103,געל,loathed
103,גננ,"to guard, protect"
103,מנחה,oblation
103,מזונ,"food, meat (Chaldee)"
103,נבאימ,prophets
103,חצה,divide
104,אב המונ,"father of the mob, or of the multitude"
104,צדי,"tsaddi, 18th letter"
104,מדינ,"quarrel, dispute"
104,סדמ,Sodom
104,סגולה,"personal (belongings), small private property"
104,סולח,"giving up, presenting, remitting"
105,ציה," dryness, drought; parched land; Earth of Netzach"
105,הפכ,"turn, overturn; to subvert, ruin, change; the contrary, contrariness, perversity"
106,דבק,"cling, cleave, keep close; joining, soldering, appendage"
106,מלהאל,Angel of 7 Cups
106,נונ,"nun, 14th letter; fish; propagate, increase"
106,פוכ,"antimony, stibium"
106,קו,line; measuring line; string; linen thread
106,סאליה,Angel of 9 Cups
107,עואל,Angel ruling Leo
107,ביצה,an egg
107,וסיאל,Angel of Netzach of Briah
108,עזאל,"a Giant (lit. the lust of GOD"")"""
108,אזנימ,the ears
108,באבי הנחל,the fruit of a deep valley
108,גיהנמ,Hell of Jesod-Malkuth
108,סגהמ,Angel Lesser Angel governing Triplicity by Day of Leo
108,חצי,the middle; half; arrow
108,חמס,"treat violently, wrong; violence, wrong"
108,חננ,"show favor, be gracious"
108,חק,"something prescribed, a statute or due, ordinance, enactment, rule, custom; limit, boundary; portion, share, task"
108,חסמ,"stop up, muzzle, obstruct"
108,חיצ,a wall
109,עגול,"circle, sphere; disk; making round; cake (of dates)"
109,אסכוזדאי,day-demon of 2nd Decan Aqu.
109,בזק,lightning flash
109,מנוחה,quiet
109,נגונ,music
109,סחיאל,"Sachiel, Angel of Jupiter (Thursday); lit. covering of GOD"""""
110,עמ,"nation, people; with (prep.); kinsman (on father's side)"
110,אב האמונה,father of faith
110,דמיונ,"resemblance, likeness"
110,גג החופה,"the roof of the chamber""; tectum coeli fabrilis sub quo desponsationes coniugum fiunt (A.C. thinks this means ""the roof of heaven, the art by which spouses become espoused"") """
110,נס,"a sign, flag, standard"
110,סיטאל,Angel of 6 Wands
110,וטהצ,Cherubic Signs - Virgo replaced by Aries
110,חבק,"to embrace, clasp; a clasping, folding (of the hands)"
110,ימינ,right hand; right side; south
111,עלוה,a Duke of Edom
111,עולה,common holocaust; an ascent
111,אעמ,AUM
111,אלפ,"full spelling of alef""; learn teach; cattle; thousand"""
111,אפל,thick darkness
111,אסנ,"ruin, destruction, sudden death"
111,אחד הוא אלהימ,"a name of GOD (lit. one is he, GOD"")"""
111,מהולל,mad
111,נכיאל,Angel of Sol; Intelligence of the Sun when the Sun enters the sign of Leo
111,פלא,title of Kether (Mirum occultum - hidden wonder)
111,יוד יהוה אדני,passwords of ....
111,זדק,"righteousness, equity, justice; the Sphere of Jupiter [vide Kabbala Denudata p. 656]"
112,עיבל,Ebal
112,איעאל,Angel of 2 Cups
112,בנס,was angry
112,בנינ,a structure; mode of building
112,חדק,sharpness
112,יבק,Jabok [Gen. xxxii. 22.]
112,יהוה אלהימ,the Lord God
113,פלג,"a stream, brook"
113,סליחה,"a giving away, remitting"
113,חקה,likewise; the same (F. gender) cf. 108
114,דמע,tear (weeping)
114,גמליאל,Qliphoth of Jesod
114,מדע,science
114,חנונ,"gracious, obliging, indulgent"
114,יקד,"to burn, blaze, kindle, glow; to kindle, set on fire, ignite"
115,דמליאל,Geomantic Intelligence of Virgo
115,הנני,"here am I (lit. behold me"")"""
115,קוט,feel a loathing
115,חומ היומ,the heat of the day
115,חזק,"to be or grow strong, firm strengthen; vehement, eager; strong, stout, mighty"
116,עילאה,primordial
116,גלגלימ,"wheels, whirlings"
116,מכונ,heaven of Chesed
116,נדיבימ,the munificent ones
116,יונימ,doves
117,אלופ,guide; duke
117,אופל,"fog, darkness"
118,כהנ גדול,High Priest
118,חלפ,"to pass, renew, change"
118,חמע,to ferment
118,חסנ,"strength; Chassan, Ruler of Air"
119,אבנ בוחנ,Lydian-stone
119,בעלזבוב,"Beelzebub, the Fly-GOD"
119,דמעה,weeping (subst.)
119,פגול,abominable
119,חאלפ,night Demon of 2nd Decan Aries
120,ענ,a name of GOD
120,כעל,master
120,מכינ,strengthening
120,מלימ,"prophetic sayings, or decrees: His days shall be""; - hence Abra-Melin"""
120,מסכ,velum
120,מועד,the time of the decree
120,מוסדי,"foundation, basis"
120,סלל,"lift up, cast up"
120,סמכ,"samekh, 15th letter; prop"
120,חזקה,"strength, force, violence"
120,יקוד,"burning, fire; hearth"
121,עכאל,Angel Lesser Angel governing Triplicity by Night of Cancer
121,אצל,emanated from
121,אלילימ,vain idols
121,אמילמ,?termination of Abr-amelim?
121,אפמ,"an end, extremity"
121,הגלגלימ,"of whirling motions (lit. the wheels"")"""
121,כעאל,Angel ruling Cancer
121,נמלא,it is filled
121,חזוה די ליליא,nocturnal vision
122,אנוסה,"vi compressa (compressed by force"")"""
122,גלגולימ,revolutiones (animarum)
123,ענג,"pleasure, delight"
123,אהה יהוה אלהימ,"a name of GOD, implying Kether - Chokmah - Binah, 3, 4, & 5 letters"
123,מלחמה,"battle, war"
123,נגע,"a blow, plague"
123,פגמ,"laesio aliqualis, violatio (some kind of manner of hurt"", the violation of)"""
124,עדנ,"pleasure, delight; Eden"
124,עיגיאל,Qliphoth of Chokmah
124,חוסנ,an oak; hardness
125,דנמאל,night Demon of 2nd Decan Pisces
125,כפכה,[vide Siphra Dtzenioutha v. 16]
125,מנדאל,Angel of 4 Pentacles
126,עונ,"On, a name of GOD [see 120]; penalty of iniquity; being taken away"""""
126,אלמנה,a widow
126,אפילה,darkness
126,גימיגינ,day Demon of 1st Dec Taurus
126,מלונ,hospitality
126,סוס,horse
126,יהוה אדני אגלא,a name of GOD
127,מוטבע,material
127,פויאל,Angel of 5 Pentacles
128,אליפז,Eliphaz
128,אנמואל,Angel ruling Aqu.
128,חלצ,"to deliver, loose"
128,חסינ,robustus gratia [vide Kabbala Denudata p. 399]
128,יהוה אלהינו,"GOD, the Eternal One (lit. the LORD our GOD"")"""
129,עדנה,pleasure [Gen. xviii. 12]
129,עונג,"delight, pleasure"
130,עמודי,the Pillars
130,עני,destitute
130,עינ,"ayin, 16th letter; eye"
130,הצלה,deliverance
130,מלאכ הגאל,the Angel of redemption
130,מלינ,"decree, prophetic saying"
130,פהליה,Angel of 5 Cups
130,סלמ,"a staircase, ladder"
131,אנפ,he was angry
131,אפנ,"turn, roll"
131,אפימ,nose
131,מכוסה,title of Kether
131,נלכאל,Angel of 6 Cups
131,סמאל,Samael; Qliphoth of Hod
131,ססיא,Angel Lesser Angel governing Triplicity by Night of Virgo
132,קבל,to receive
133,גפנ,vine
133,גיכק,[vide :IZQ: 699]
133,חעמיה,Angel of 5 Swords
133,ימ המלח,the salt sea (should properly be HYM HMLX = 138)
134,דלק,burning
134,מזל דגימ,Pisces
135,עניה,a destitute female
135,גוסיונ,day Demon of 2nd Decan Cancer
135,מלכדיאל,Geomantic Intelligence of Aries
135,ממלכה,"kingdom, sovereignty"
136,הסמאל,Spirit of Jupiter
136,מלאכ הגואל,the Avenging Angel
136,ממונ,"fine, penalty"
136,קול,"a voice, sound"
136,יהפיאל,Intelligence of Jupiter
137,אסטומכא,"the belly, gullet [? Hebrew: vide Kabbala Denudata p. 138] (this is stomach"" rendered in Hebrew)"""
137,אופנ,a wheel
137,מצבה,"an image, a statue [Gen. xxviii. 22]"
137,קבלה,a receiving; the Qabalah
138,בנ אלהימ,the Son of GOD
138,לבנונ,"Lebanon [Cant. iv. 11, 15]"
138,מצח,forehead
138,מחצ,he shall smite
138,חלק,"to smooth, divide"
138,חמצ,"to leaven, ferment"
138,חנפ,to pollute
139,הדקל,"Hiddikel, the eastern river of Eden"
140,מלכימ,"kings; Angels of Tiphareth of Assiah, and of Netzach of Briah"
141,אמק,"to be deep, profound, unfathomable; to deepen; deep; low; profound; dim"
141,אמיצ,robust; oaken
141,אספ,"gather, collect, take in; take under protection, withdraw, remove, take away"
141,כוקיה,Angel of 4 Pentacles
141,מצוה,precept
141,נאמנ,"trusty, steady"
141,פכיאל,Lesser Assistant Angel of Cancer
141,קמא,prima
142,אסמודאל,Geomantic Intelligence of Taurus
142,בעלמ,night Demon of 3rd Decan Leo
142,בלעמ,a stranger; Balaam
142,בליעל,"wickedness, destruction"
142,מחמדימ,delights (fire & water)
143,נוזלימ,running waters [Cant. iv. 15]
143,חליצה,the unshoeing
144,קדמ,Anterius; the East; days first of the first
144,סנדל,a sandal
145,מטה האלהימ,the Staff of GOD [Ex. xvii. 9]
145,מעלה,inscrutable
145,נממיה,Angel of 6 Pentacles
145,סעודה,a feast
146,עולמ,the world; an adult
146,בבא קמא,the First Gate [vide Kabbala Denudata p. 184]
146,פנוי,"empty, vacant, evacuated, free, unmarried, unoccupied; emptiness; removal, clearance, clearing; evacuation"
146,קומ,"arise, stand up, stand"
146,סופ,"limit, end; boundless"
148,אהיה יה יהוה אלהימ,a name of GOD
148,בני אלהימ,"Angels of Hod in Assiah and Briah; children of GOD"""""
148,מאזנימ,scales; Libra
148,נצח,victory; the seventh Sephirah
148,פסח,"pass over, spring over; Passover; be limp; lame"
148,קמח,"flour, meal"
148,חמק,"to withdraw, retire"
148,זולל וסובא,glutton and drunkard [Deut. xxi. 20]
149,אלימ חיימ,the living GODS [Cf. 154]
149,הספד,a beating of the breast; a noisy striking
150,עינכ,thine eye [vide Idra Rabba Qadisha 652]
150,נעל,"a walking shoe, sandal; to bar, bolt, lock"
150,קנ,nest
150,ידעוני,Ariolus. [Kabbala Denudata p. 53]
151,אלפ הה יוד הה,AHYH spelt in full
151,מאלפ,night Demon of 3rd Decan Aries
151,מקוה,the Fountain of Living Waters [Jer. xvii. 13]
151,קנא,jealous
151,קומה,"a standing upright, stature"
151,יהוה אלהימ יהוה אחד,"יהוה of the GODS is one יהוה (or, יהוה is GOD, יהוה is One"")"""
152,בנימנ,"Benjamin (lit. Son of Jamin"")"""
152,המוציא,the Bringing-forth One
152,נציב,"residence, station"
152,נקב,to pierce; to curse
153,חדקיאל,Lesser Assistant Angel of Libra
154,אלהימ חיימ,"Elohim of Lives [cf. 149] (more properly, Living GOD"")"""
155,עלמיה,"the Concealed and Saving""; Angel of 6 Wands"""
155,אדני מלכ,"Adonai the King (more properly, Adonai is King"")"""
155,דקנא,"the beard (correct) [Siphra Dtzenioutha ii, 1, et seq.]"
155,דוד נאמנ,the faithful friend
155,פעה,groan (v.)
155,קנה,a seed
155,ו ט נ צ,letters of the Cherubic signs
155,יסיסיה,Angel of 2nd Decan Cap.
156,עופ,a bird
156,אהל מועד,the Tabernacle of the congregation [Lev. i. 1]
156,אפעה,a viper
156,באבאלענ,"Babalon, the Victorious Queen [vide XXX Aethyrs; Liber CDXVIII]"
156,צלול,limpid blood
156,ציונ,Zion
156,הסניאל,Angel of Hod of Briah
156,כמוצ,Angel of 1st Decan Scorpio
156,פעו,"Crying Aloud"", the name of a King of Edom"""
156,יוספ,Joseph [referred to Yesod]
157,ענואל,Angel of 9 Swords
157,דמדומי חמה,the setting of the Sun
157,מגדלעי,Angel Lesser Angel governing Triplicity by Day of Cap.
157,מופלא,occult
157,נקבה,female; yoni
157,קנז,a Duke of Edom
157,זעפ,"be out of humor, vexed; be enraged; storming, raging, rage"
157,זקנ,"lingam; the beard [vide Siphra Dtzenioutha ii. 467, and no. 22]"
158,מאזנינ,balances [Ch.]
158,חנק,to suffocate
158,חיצימ,arrows
159,נקדה,point
160,עצ,a tree
160,צלמ,image
160,הקמיה,Angel of 3 Swords
160,כספ,silver
160,נפל,"fell down. Decidit; refuse (n.), hanging parts"
160,פניכ,"lay, fell [Ez. iii. 8]"
160,פיכנ,a Duke of Edom
160,קינ,Cain
160,סלע,"a rock, stone"
161,אדמ עילאה,"the heavenly man; lit. the primordial"" or ""exalted"" man"""
161,קהל יהוה,the Congregation of the Eternal
162,בנימינ,Son of the Right Hand; pr. n. of Benjamin
162,סוסול,Angel ruling Scorpio
162,יעפב,"layer of snares, supplanter; Jacob"
163,בוצינה,Surpassing Whiteness [vide 934]
163,הוא אלהימ אדני,"[vide no. 361, a numerical Temurah of 163]; lit. He is GOD my Lord"""""
163,נוקבה,"woman, wife"
164,עמדימ,the Pillars
164,חדבקימ,ye shall cleave
164,חיצונ,"outer; civil, as opposed to sacred [vide Kabbala Denudata p. 342]"
165,עצה,an assembly
165,עממיה,"NEMO, [Name of Magister Templi] Angel of 3 Wands"
165,להודיעמ,"to make them know"" [Ps. xxv. 14]"""
165,נעמה,Nehema
165,קינה,nine Paths of the Inferior Beard: 14 + 15 + ... + 22; Aquarius
165,חזקימ,strength [Ez. iii. 8]
166,עליונ,the Most High
166,עוצ,native land of Job
166,בעלחנו,a King of Edom
166,מעונ,Heaven of Geburah
166,נפול,night Demon of 3rd Decan Scorpio
166,חייב ממונ,"reus mulctae (guilty of a fine"") [vide Kabbala Denudata p. 498]"""
167,אסימונ,the Unnameable One (a demon)
167,זיקימ,fetters [Job xxxvi. 8]
168,אבא ואמא עילאה,"Parentes Superni (the parents of the Supernal"")"""
169,טעמימ,the accentuator
170,עננ,cloud
170,לפני,"before (in time or space); to the face of"""""
170,מקל,the wand; (David's) Staff
170,נפיל,giant; Titan
170,פסל,"hew, hew into shape"
171,מאציל,"principium emittens (the principle of sending out"")"""
171,נאצל,emanating from
171,פלאינ,Angel Lesser Angel governing Triplicity by Night of Aqu.
171,פניאל,"The Face of GOD"" (name of an Angel)"""
172,ענבימ,clusters; grapes
172,עקב,"the heel, the end [Mic. vii.20]"
172,בקע,"cut, divided"
172,יעצב,"he affected. [Not written]; he will hurt, pain, grieve; he will shape, fashion; a vessel; an idol"
173,גצפ,day Demon of 3rd Decan Aqu.
173,גל עיני,lighten mine eyes
174,לפידימ,torches
174,נוגה לו סביב,"splendor ei per circuitum (his splendor by all around"")"""
175,עקה,"outcry, clamor"
175,מכפלה,duplicity
175,נפילה,"a slipping, falling; collapse, downfall; defeat; degradation"
175,קדמאל,Spirit of Venus
175,יניקה,suction
176,לעולמ,to eternity
176,פסול,illegitimate
176,יועצ,"an advisor, counseling"
177,אדונ האדונימ,"Dominus Dominorum (Lord of Lords"")"""
177,גנ עדנ,the Garden of Eden
177,מלוי המלוי,plenitude of plenitudes
177,זעק,to cry out for help
178,כספ חי,quicksilver
178,חלצימ,"the lower part, the loins"
178,חפצ,"good pleasure, choice, decision, will"
179,עקדה,"ligatio (imprisonment"")"""
180,מעיינ,"a spring, fountain [Cant. iv. 15]"
180,מפני,"after, away from; from the face of"""""
180,פעל,"do, make; doing, deed, work"
180,פנימ,the front part; face
181,אפק,"horizon, vista"
181,מלכ האלהימ,king of the Gods
181,פסולה,vicious; faulty
182,אל קנא,Deus Zelotes
182,מלאכ האלהימ,messenger of the Gods
182,מקביל,passive [as opposed to MXQBL = active]
184,נקדל,ancient time; eastward
186,אבנ נגפ,"a stone of stumbling, a rock to fall over [Is. viii. 14]"
186,ממונימ,"Praefecti (the Prefect"")"""
186,מקומ,"a place (lit. from standing"", a standing-place)"""
186,מוספ,an increase
186,קופ,"qoph, 19th letter; an ape; back of the head"
187,אופנימ,"Auphanim, Wheels"", the Angelic host of Chokmah and of Chokmah of Briah"""
187,סופיאל,"[Key of Solomon, Fig. 52]"
187,זקפ,lifted up
188,כעל החוטמ,the Master of the Nose
188,יעקוב,Jaacob [vide Kabbala Denudata p. 443]
189,גל נעול,"Fons obseratus (the fountain locked away"") [Cant. iv. 11]"""
189,סבא דסבינ,the Ancient among the ancient
190,צלע,the side or flank; rib
190,ציצ,"corona florida prominens (a crown of flowers stood out"")"""
190,פנימי,internal; my face
190,קצ,"the end, appointed time [Dan. xii. 13] [vide no. 305]"
190,קמטיאל,first devil. V. Porta Coelorum Fig. XVI
190,ויסע ויבא ויט,"ubi perrexit Angelus (where he went to the Angel"")"""
191,אנפינ,countenance
191,אפקי,"horizontal, level"
191,אפסימ,[vide Kabbala Denudata p. 143]
191,פאכצ,night Demon of 1st Decan Aries
191,קופה,"a box, chest; a repository"
192,חדבקימ ביהוה,ye shall cleave in יהוה [vide no. 220]
192,זלעפה,"poisonous wind, Simoon"
194,צדק,"rightness, righteousness; be just, righteous; Jupiter"
195,מקנה,a flock
195,פקודה,visitation
196,אנא חטא עמ הוה,"[vide Kabbala Denudata p. 71] (Ah, now! He has sinned [gone wrong] with this."")"""
196,קוצ,"the crown, summit, point"
196,ימ סופ,Mare Soph [vide Kabbala Denudata p. 435]
197,אל עליונ,"El Supernus (highest God"", God in the highest)"""
198,נצחימ,victories
199,צדקה,a giving freely; righteousness
200,עצמ,a bone
200,ענפ,a branch
200,כנפימ,"alae (wings"") [vide Kabbala Denudata p. 483]; extremities, edges of garment or of earth"""
200,פסס,"disappear, vanish"
200,קדמונ,archetypal
200,קלע,"a sling; a casting-net; to sling, hurl forth; to carve"
200,קסמ,divination; practice divination
200,קיצ,belonging to the spring
201,אר,light (Chaldee)
202,בקק,to make empty
202,בר,pure; a field; son
202,נקבימ,apertures
202,רב,"many, much, great; chief; multitude, abundance"
202,סאיציאל,Lesser Assistant Angel of Scorpio
202,זקיפה,elevatio
203,אבר,initials of the Trinity: AB : BN : RVX; pinions; fly
203,ארב,to lie in wait; ambuscade
203,באר,"a well, spring; a pit; make distinct, plain"
203,גר,"exotic, foreign; sojourner; chalk, lime"
204,אברא,"commencement of the name Abra-Melin; I will create, shape"""""
204,צדיק,the righteous
204,דר,foreign resident; race S.; an age (Chaldee)
205,אדר,"wide, great; glory, magnificence"
205,אגאר,day Demon of 2nd Decan Aries
205,גבר,mighty; hero
205,הקק,"cut in, inscribe, decree"
205,הר,mountain
206,אדרא,assembly; area
206,ברד,hail
206,דבר,"spake; word, thing, matter under discussion; cloud"
206,ימי עולמ,"they of the World (lit. peoples of the world"")"""
207,אדונ עולמ,Lord of the Universe
207,אגראב,"Scorpio, a scorpion"
207,אור,light [df. 9 and 11]. Aur is the balanced light of open day
207,אינ סופ,"limitless (lit. there is no limit"")"""
207,ברה,ate
207,גדר,"walled, fenced; wall up/off, build up a wall"
207,הבר,divide (?); that which cuts [vide no. 607]
207,רבה,"grow great; be/become much, many, great; shoot"
207,זקנימ,the Elders [Deut. xxi. 19]
207,זקק,"melt, fuse; refine, purify; bind, fetter"
207,זר,the Crown of the Ark
208,אברה,feather
208,אזר,"gird, encompass, equip"
208,בור,a cistern
208,גהר,"bowed; bend, crouch"
208,גרה,"to make strife, contend"
208,הגר,Hagar
208,הרג,"to kill, slay"
208,נפיחני,flatulent
208,רוב,multitude
208,יצחק,Jizchak (Isaac) [Vide Kabbala Denudata p. 266]
209,אבראה,chief Seer or Prophet (hence Abra-Melin)
209,אגרה,"reward, profit, prize"
209,ארח,way
209,אחר,"to delay, tarry; behind (prep.)"
209,בואר,10th Spirit of Goetia
209,בזר,"scatter, disperse; dispersed"
209,גור,"sojourned, dwelt"
209,הדר,honor; a King of Edom; the Supernal Benignity
209,זרב,oppressed
210,אדהר,Adam Primus [vide no. 607]
210,ברח,"pass on, flee"
210,בחר,choose; choice
210,בזאר,day Demo of 1st Decan Cancer
210,דור,"heap up, pile; dwell; period, generation; circle, ball"
210,גזר,"to decide, determine; cut, divide; part (n.)"
210,הרה,to conceive
210,מסנינ,Angel of 1st Decan Cap.
210,נ ע צ,[vide Thelema]
210,נעמנ,Naaman
210,נקודימ,"punctata (dotted"", i.e. speckled)"""
210,חבר,"a joining of words; incantation; to conjoin; a brother; company, association; united, associate, companion"
210,חרב,"a sword; be dry, dried up; dryness, drought, heat; be waste, desolate; attack, smite down"
211,אבחר,"[worthy]; I will choose"""""
211,ארי,a lion
211,חגר,a girdle
211,יאר,a flood; Jeor
211,ירא,"fear"", the fear of יהוה (i.e. wonderment); shoot, pour"""
212,דבור,Great Voice
212,האור,night Demon of 1st Decan Cap.
212,חדר,"to surround, enclose; chamber, room"
212,זהר,splendor; to enlighten
212,זרה,"to spread out, scatter, fan, winnow; harlot; golden"
213,עננ גדול,"Nubes Magna (a great cloud"")"""
213,אביר,"strong, mighty, valiant, courageous; violent; bull, stallion; knight, gallant, noble"
213,איבר,"limb, part, member, organ, penis, extremity"
213,גיר,calx
213,הדדר,[Idra Rabba Qadisha 234 (?)]
213,הרגה,slaughter (n.)
213,וזר,"loaded; criminal, guilty (adj.)"
213,חסד עלאה דאל,the Supernal Mercy of GOD
214,טהר,"be clean, pure; clearness, luster"
214,אזור,a girdle
214,דיר,"shed, store, fold, pen; to accommodate, house; tenant, lodger, occupant"
214,רוח,air; spirit; wind; mind
214,חור,whiteness
214,ירד,came down
214,זזר,Angel of 1st Decan Aries
215,אדיר,majestic; eminent; a Prince [Ps. viii. 1]
215,אורח,"a path, narrow way"
215,אחור,posterior; the reversed part
215,חזר,to encompass [vide Kabbala Denudata p. 340]
215,זרח,"a rising; to rise as the Sun"", give light"""
216,עומק,profound [Ps. xcii. 6]
216,אריה,a lion
216,אוראוב,night Demon of 1st Decan Libra
216,בבא מציעא,the middle Gate [vide Kabbala Denudata p. 184]
216,דמ ענבימ,blood of grapes
216,גבורה,strength; courage; the fifth Sephirah
216,ראיה,"vision (n.), seeing, looking, sight; proof, evidence; witnesses, testimony; (fig.) pollution, menstruation"
216,רוגז,"anger, wrath"
216,רוחב,latitude
216,יראה,"dread, fear"
217,טבור,"highest part, center; the navel"
217,אויר,the air
217,בריה,"food; creation, nature; creature, human being"
217,בירה,"temple, palace"
217,דבורה,a bee
217,מויעסאל,Angel ruling Sag.
217,ריבה,"Controversia Domini (Lord of Controversy"")"""
217,סהקנב,Angel Lesser Angel governing Triplicity by Night of Scorpio
217,חטר,"branch, twig; (metaph.) rod"
218,עצבונ,"sorrow, pain, toil"
218,אוירא,ether [vide Kabbala Denudata p. 55]
218,בריאה,creativity; the second Qabalistic world
218,רבוי,multitude
218,ריח,"odor, a smell"
218,חסד עולמ,the benignity of Time
218,ירח,the Moon; (lunar) month
219,טהרה,"mundatio, mundities (cleansing""), purifying"""
219,רחיא,arcana
220,טהור,"clean, pure, elegant"
220,בחיר,the Elect
220,גבירה,Heroina; Augusta;; Domina
220,נפילימ,giants [fully written only in Num. xiii.33]
220,חדבקימ ליהוה,ye shall cleave unto יהוה [_not_ written]
221,ארכ,"to be long; to continue, last, endure, be protracted"
221,מנקאל,Angel of 10 Swords
222,אל המקומ,"unto the place"" [Ex. xxiii. 20]"""
222,אוריה,"Urias (lit. light of GOD"")"""
222,הר טוב,goodly mountain [Ex. iii. 25]
222,הוורה,whiteness
222,כבר,"now, already; K'bar, the river Khebar""; day Demon of 3rd Decan"""
222,ראויה,I will chase
224,דכר,male (Chaldee)
224,דרכ,"walk, journey; road; the PATH"
224,חפופימ,"emanantia (emanating"") [vide Kabbala Denudata p. 338]; emanations"""
224,חקוקי,effigurata
224,חוקקי,"principia emanandi (the principles of emanating"")"""
224,יחור,union
225,אחורי,"backward, posterior"
225,גזרדיא,[vide Kabbala Denudata p. 234]
226,צפונ,"profound, hidden; the North [vide Kabbala Denudata p. 666]"
227,ארוכ,"long, tall"
227,ברכה,"a piscine, pond; blessing [Prov. x. 22]"
227,המימ הזידונימ,the overflowing waters [Ps cxxiv. 5]
227,נזיקינ,damna. [vide Kabbala Denudata p. 569]
227,זכר,"remember; remembrance, memorial; male (sacred Phallus - vide Siphra Dtzenioutha ii. p 467)"
228,עצ חיימ,the Tree of Life
228,בכור,first-born
228,ברוכ,blessed!
228,כרוב,ruler of Earth
230,עקודימ,fasciata
230,הכרה,astonishment
230,מקיפ,[vide Kabbala Denudata p. 153]
230,ראידיה,Angel of 2nd Decan Virgo
230,יגלפזק,"Hod, 42-fold Name in Yetzirah [vide Liber 777, Col xc. p. 18]"
231,אריכ,prolonged; grew long
231,דכורא,male
232,אמניציאל,Geomantic Intelligence of Pisces
232,אראל,ruler of Fire
232,יה אויר,"equivalent to YHY AVR, Fiat Lux [vide Kabbala Denudata p. 55]"
232,יהי אור,"let there be light!; the Mystic Name of Allan Bennet, a brother of the Cross and Rose, who began this Dictionary"
233,עצ החיימ,The Tree of Life [vide no. 228]
233,רגל,foot
233,זכור,memento
234,דכאוראב,night Demon of 3rd Decan Aqu
235,צדקיאל,"Tzadqiel, Righteousness of GOD"", the Archangel of Chesed, and Angnel of Chesed of Briah"""
236,קומצ,a handful
236,ספעטאוי,Angel Lesser Angel governing Triplicity by Night of Aries
237,ראהאל,Angel of 3 Cups
238,אדונ הנפלאוה,"Dominus Mirabilium (Lord who is wonderful"")"""
238,רחל,Rachel
239,אזראל,"Azrael, the Angel of Death"
239,ברזל,iron
239,גורל,the lot
239,יכסגנוצ,Angel of 3rd Decan Taurus
240,מר,myrrh
240,נצנימ,"Prima Germina (first plants"")"""
240,פקודימ,"cash; numbering, counting off"
240,קנצ,"a snare, net"
240,רמ,"high, lofty"
240,סספמ,Angel of 1st Decan Aqu.
241,סמקיאל,Lesser Assistant Angel of Cap.
242,אריאל,"Ariel, Angel of Air"
242,גבוראל,severities
242,זכירה,recollection
243,אברמ,Abram [vide 248]
243,בראמ,"created he them"" [Gen. v. 2]"""
243,גמר,"learned, complete; to finish, bring to pass (Chaldee)"
243,גרמ,"a bone; to destroy, break bones; to cut off, reserve"
244,הרחאל,"Angel of 7 P,."
244,רדמ,"to be insensible, in deep sleep or trance [vide no. 649]"
245,אדמ קדמונ,"Adam Qadmon (primordial man"")"""
245,מרה,"gall, bile"
245,רוח אל,Spirit of God
246,הריאל,Angel of 3 Swords
246,מראה,"vision, aspect"
246,מור,myrrh
246,ראידאל,Angel Lesser Angel governing Triplicity by Day of Taurus
246,רומ,"height, altitude"
247,אלהי העולמימ,"the living GOD of the Worlds, or of the Ages"
247,אלויר,Angel Lesser Angel governing Triplicity by Night of Cap.
247,מאור,"a light; aired, ventilated"
247,מרבה,"to increase; much, many, numerous, great"
247,ראומ,night Demon of 1st Decan Taurus
247,רמז,"sensus symbolicus (symbolic sense""); to hint, imply; intimate (v.); hint, sign, allusion, innuendo"""
247,זרמ,to overwhelm (Ps. lxxvii. 18); a flood
248,אברהמ,"Abraham [vide 243 and 505, 510. Discussed at length in Zohar]"
248,אדמ ברא,"the Three that bear witness, above and beneath, respectively. ADM the Spirit, the Water, and the Blood; A being Air (Spiritus), D standing for DM Blood, and M being both Water and the initial of MYM, water. For BRA see 203."
248,אוריאל,"Uriel or Auriel, Archangel of Earth, and Angel of Netzach (lit. Light of God"")"""
248,במראה,in vision [vide Kabbala Denudata p. 553]
248,גמרה,Gematria
248,רמח,a lance
248,רחמ,"womb; have compassion, love (verb); carrion-vulture"
248,רזיאל,"Secret of God"", the Archangel of Chokmah"""
248,חמר,"wine; bitumen; an ass (from to disturb"")"""
249,ארזיאל,Lesser Assistant Angel of Taurus
249,גמור,night Demon of 2nd Dec Libra
249,מגור,"fear, terror"
250,דרומ,[the Sourth] Midday
250,מדור,"habit, action (Chaldee)"
251,ארנ,"fir, cedar"
251,רייאל,Angel of 10 Wands
251,וריהל,"the Angel Uriel: Vrihl"", i.e. Magical Force [vide Lytton's ""Coming Race"", and Abra-Melin - forehead Lamen"""
252,מאורה,serpent's den
253,גרימ,proselytes
253,מטרד,"Matred, who symbolizes the Elaborations on the side of Severity"
254,גרודיאל,Angel of 3rd Decan Aqu
254,מטרה,"a mark, target, aim; guard, ward, prison"
254,נדר,"a solemn promise, vow"
254,נרד,spikenard [Cant. iv. 14]
254,רומח,"a spear, lance"
254,רחומ,merciful
254,חמור,an ass
254,זוריאל,Geomantic Intelligence of Libra
255,אנדר,night Demon of 3rd Decan Sag.
255,הירמ,"Hiram, King of Tyre"
255,מזרח,"the East, place of sunrise"
255,נהר,"a river, stream [Gen. ii. 10]"
255,רנה,"singing, song, joy; exultation; song of prayer/lamentation; rattle; cantatio elata (I think A.C. wants this to mean, elevated song"", but cantatio is ""sing"")"""
255,חומרא,burdensome; with difficulty
256,אהרנ,Aaron
256,אמירה,"tidings (Ps. lxviii. 12); a saying, speech [vide Kabbala Denudata p. 128]"
256,בני צדק,the Sons of the Righteous
256,מפולמינ,[see no. 705] [vide Kabbala Denudata p. 20]
256,נגעי בני אכמ,"plagae filiorum hominum (plagues of the children of men"") [i.e. Succubae, Kabbala Denudata p. 562]"""
256,רוכל,"aromatarius (?no translation); pedlar, hawker, huckster; going about""; ""one who goes about"""""
256,רוח אמא,the Spirit of the Mother
257,ארונ,the Ark
257,ליראיו,"to his fearers"" [Ps. xxv. 14]"""
257,מקל לבנה,the White Wand
257,נורא,"Terribilis Ipsa (she is frightening""); awful, frightful"""
257,חרטמ,a Magician
258,אור אדומ,the red light
258,רחמי,"mercies (in its construct form"", as part of a phrase - alone, it is {RXMYM}, mercies)"""
259,גרונ,throat
259,נטר,nitre
259,ראובנ,Reuben
260,טמירא,the Concealed
260,טיריאל,Intelligence of Mercury
260,כרמ,a vineyard
260,לפסילימ,ineptos et profanos (unfit and profane)
260,מה אדיר,"how glorious!"" [Ps. vii. 1]"""
260,סר,"declined; sullen, ill-humored; dispirited; to move, turn aside"
260,י נ ר,I.N.R. [vide 270]
260,ירימ,"exaltabitur (shall be exalted"")"""
261,אסר,"he bound; to be tied, fettered, shackled; an obligation, a prohibition, ban, renunciation"
261,דראונ,"abhorrence, abomination [Is. lxvi. 24]"
262,עינ בעינ,eye to eye [Idra Rabba Qadisha 645]
262,אהרונ,lofty; Aaron
262,הנורא,terrible
262,סרב,rebel (n.)
262,חדרימ,"conclavia (rooms""); to penetrate, enter"""
263,אבדרונ,Angel of 3rd Decan Aqu.
263,אורונ,Angel of 2nd Decan Pisces
263,ברכיאל,Geomantic Intelligence of Scorpio
263,גמטריא,gematria
263,גרס,"pained; to crush, pound, mill, grind; crushed; to learn, study, read (the meaning of), determine, maintain, lay down"
263,סגר,"shut, close"
264,מדרכ,footprint (foot's breadth) [Deut. ii. 5]
264,רהטימ,"channels, pipes"
264,סדר,a straight row [vide Kabbala Denudata p. 455]
264,ירדנ,Jarden [vide Kabbala Denudata p. 455]
265,אדריכל,architect
265,צעקה,"a cry of the heart; anguish, anxiety"
265,הרס,"throw down; break or tear down; overthrow (n.), destruction"
266,צמצומ,contraction
266,חברונ,Chebron
266,ירונ,termination of Qliphoth of 12 Signs
267,אסור,"illicit, fobidden"
267,מרכבה,"currus (chariots""); vehiculum (""vehicle""); thronus (""throne"")"""
267,נזיר,"Nasiraeus (Nazirite""); hermit; monk; abstinent; unpruned vine"""
267,ורכיאל,Geomantic Intelligence of Leo
268,אבני הקלע,the stones of the sling
269,ארחינ,by-ways
269,בנ רוח אב,Son - Spirit - Father
269,כרוביאל,"Angel of Binah of Briah (Kerub [Angel] of God"")"""
269,סגור,"thorax, breast; pure gold; fastener, locker"
270,בריחימ,"levers, bars"
270,רע,"evil, badness; distress, misery, calamity"
270,י נ ר י,I.N.R.I. Initials of: Jesus Nazaraeus Rex Judaeorum; Igni Natura Renovata Integra; Intra Nobis Regnum deI; Isis Naturae Regina Ineffabilis; and many other sentences
271,ארע,"Earth (Chaldee), whence = low, mean"
271,לאמר,"[vide no. 256, AMYRH]; saying"", to say"""
271,והרינ,Angel of 2nd Decan Sag.
272,ערב,"(sun)set, evening; become evening; raven; mixture, mixed company; swarm; take on pledge, give in pledge, exchange; be sweet, pleasing; sweet, pleasant; desert-plateau, steppe; steppe-dwellers of N. Arabia"
272,ארעא,"earth, land (Aram.)"
272,בער,"to consume, injure, burn; to clear, remove, destroy, annihalate; to be stupid, brutish"
272,מכה רבה,"percussione magna (great blow"")"""
272,רינוו,Day Demon of 3rd Decan Sag.
273,אבנ מאסו הבונימ,the stone the builders rejected [Ps. cxviii. 22]
273,ארבע,four (f.)
273,אור גנוז,the Hidden Light
273,גער,rebuke
273,גרע,took away
273,מגרל,"sold by lottery, raffled"
274,דרכימ,"paths, roads"
275,ערה,"be naked, bare; bare place"
275,אחוריימ,posteriors; [vide Kabbala Denudata p. 72]
275,דירה נאה,"domicilium pulchrum (beautiful domicile"") [vide Kabbala Denudata p. 395]"""
275,סרטו,"Qy. Sruti scripture"""""
275,יאר דינ,"Fluvius Iudicii (river of judgment"") [vide Kabbala Denudata p. 117]"""
276,כנור,a cithara
276,כרוכל,night Demon of 1st Decan Leo
277,למרבה,"at most (lit. to/for many"") [vide Kabbala Denudata pp 157 and 837]"""
277,רעוא,"will, pleasure (Aram.); shepherd"
277,סהיבר,Angel of 3rd Decan Leo
277,זרע,"seed, semen; offspring; to sow, propagate, scatter seed; vegetable"
278,עובר,passing over
278,עולמ המוטבע,the material world
278,ארבעה,four (m.)
278,אחובראינ,"Angel Lesser Angel governing Triplicity by Night of Libra [vide Liber 777, p. 29]"
278,כרובימ,"Angels of Jesod, and of Binah of Briah - Cherubim"
279,סגירו,leprosy [vide Kabbala Denudata p. 495]
280,עיר,"town, city; village, hamlet; citizenship; agitation; male ass (young and vigorous)"
280,דגדגירונ,Qliphoth of Cap.
280,דכרונ,a record (Chaldee)
280,כ מ נ פ צ,the Letters of Judgment: the 5 letters having a final form
280,פר,"bull, bullock; [vide Siphra Dtzenioutha 528]"
280,רעוד,"trembling, shaking, quivering"
280,רפ,terror
280,סנדלפונ,Archangel of Malkuth
280,יער,Angel of the Wood of the World of Assiah
281,ערוה,"nakedness, private parts (mostly of woman)"
281,אפר,"ashes; dust, nothingness; covering, bandage, mask, head-cover, tiara; grey, gloomy; meadow"
281,פאר,"beautify, glorify; head-dress, turban; go over the boughs (glean)"
281,פרא,"to bring forth/bear fruit; wild, untamed, barbarous, savage"
282,אראלימ,"Aralim, Lions (or heroes) of God"", the Angelic Host of Binah; Angels of Briah, and of Malkuth of Briah"""
282,רוח חיימ,Spirit of Lives
283,מגרמ,"ossified; boneless (fish), boned, filleted"
283,רגלימ,feet
283,זהב סגור,"aurum inclusum (enclosed in gold"") (lit. ""gold locker"")"""
283,זכרונ,memorial [vide no. 964]
284,ערוגה,the small area of an enclosed garden
284,אמבריאל,Geomantic Intelligence of Gem.
284,פרד,divide (v.); mule
285,עריה,nakedness
285,פרה,"bear fruit, be fruitful"
286,מרומ,"high, lofty"
287,אפיקומנ,"pars azymorum (part of unleavened bread""), piece of unleavened bread eaten at the end of Passover"""
287,מוריאל,Geomantic Intelligence of Cancer
287,ופאר,night Demon of 3rd Decan Taurus
287,זעיר,"little, small"
288,עיבור,"breeding, bearing; offspring [vide Kabbala Denudata p. 313]"
288,ביעור,vindication
288,רפח,"be pleased with, accept favorably [vide Kabbala Denudata p. 571]"
288,חרפ,"harvest-time, Autumn; remain in harvest-time; acquire"
288,זאפר,day Demon of 1st Decan Scorpio
289,פטר,"apertio (the opening""); separate (v.), remove, set free;; that which separates, first opens"""
289,פרט,"to give details, detail, particularize, itemize, specify; the broken off (i.e. fallen grapes)"
290,ערכ,"arrange, set in order; order (n.), row, estimate; value, tax"
291,אצר,"to collect, store up, accumulate, treasure, hoard; he hoarded, treasured; one who hoards/treasures"
291,אפיקי מימ,"torrentes aquarum (torrents of water"") [n.b. this more correctly means ""channels of water""]"""
291,ארצ,"earth: in particular, the Earth of Malkuth"
291,צכמקיאל,Lesser Assistant Angel of Aqu.
291,פראי,"wild, fierce, savage, violent, unmannerly"
292,בצר,"cut off, make inaccessible; precious ore, ingot"
292,רפואה,"a medicine, drug"
293,צארב,day Demon of 2nd Decan Taurus
294,ארגמנ,purple
294,מלכיצדק,"Melchizedec [Gen. xiv. 18] (My King is Righteous"" or ""Kings of Righteousness"")"""
294,חורפ,pertaining to Autumn; acquiring; one who acquires
295,אפרוח,"a young bird, fledgling [Deut. xxii.6]"
295,כנפי העינ,eyelids
295,פטור,"free, exempt [vide no. 992]"
295,יריעה,"curtain, canopy, tent-cloth; vault [Ps. civ. 2]"
296,צור,"to besiege, beleaguer, beset; to mold, form, fashion; a rock, cliff; fortress, refuge; Tyre"
296,כורע,bowing down; one who bows down
296,רמונ,pomegranate
297,אלהימ גבור,"Elohim Gibor, Mighty God"", Divine Name of Geburah"""
297,ארמונ,"palace, castle, citadel; a secured house"
297,אוצר,"treasure, treasury, granary"
297,בצרה,"enclosure, (sheep-)fold; a city of Edom"
297,צואר,the neck
297,כורסיא,"the Throne, a Name of Briah"
297,נוריאל,"Nuriel (Lamp of God"")"""
298,אמנ אור,"Amen, a Light"
298,בר אלהינ,Son of the GODS
298,צחר,"white, whiteness; to whiten, blanch"
298,רצח,"murder, slay; he slew; murderer; shattering"
298,רחמימ,"pity, compassion; love, mercy; prayer"
299,רהדצ,Angel of 2nd Decan Cancer
300,ערל,"having foreskin, i.e. uncircumcised"
300,אלפ למד הי יוד ממ,a spelling of {ALHYM} in full [vide Beth Elohim. Dissert. II. Cap. 1.]
300,אור בפאהה,"Khabs am Pekht (n.b. extremity"" is {PAH})"""
300,מעמקימ,profundities
300,מצפצ,"God of Chesed, and of Hod of Briah; Temurah of יהוה"
300,פירוד,separation
300,רוח אלהימ,the Spirit of GOD [vide Gen. i. 3]
300,יצר,formation
301,אש,fire
301,אדני המלכ נאמנ,"my Lord, the faithful King"", a name of GOD"""
301,מנורה,"Menorah; a candlestick, lamp; torch"
302,ארקא,Earth of Hod
302,בקר,"to cut open, inquire into; dawn; cattle, herd, ox"
302,ברק,"to flash (as of lightning), send forth lightning, fulminate"
302,קבר,"bury; grave, sepulchre"
302,קרב,"come near, approach; approaching; battle, war; inward part, midst"
302,רקב,"rot, putrefy; rotting; rottenness, decay"
302,סראיאל,Lesser Assistant Angel of Gemini
303,באש,"have a bad smell, stink; stench"
304,שאג,roar
304,שד,"violence, havoc"
304,דש,"to tread, trample; lapel, flap, fold"
304,כאמבריאל,Geomantic Intelligence of Aqu.
304,קדר,"to be darkened, gloomy; to mourn; potter; to cast/throw (pottery); Kedar, Ishmaelites"
304,רוצח,"murderer; murdering, slaying"
304,חרוצ,a species of gold
305,שה,"lamb; small cattle, flock"
305,אור צח,dazzling white light
305,דשא,"sprout, shoot, grow green; grass; tender herb [Gen. i. 11]"
305,הקממנע,"Netzach, 42-fold Name in Yetzirah [vide Liber 777, col. xc.]"
305,כריעה,"kneeling, bowing, genuflection"
305,קצ הימינ,"the end of days, appointed time [Dan. xii. 13]"
305,קרה,"encounter, meet, befall; chance, accident"
305,רציה,"desire, volition"
305,יצרה,"Yetzirah: formation"""""
306,אשה,"a woman, wife, female"
306,אב הרחמנ,merciful father
306,אב הרחמימ,father of mercy
306,דבש,honey
306,כפור,"forgiveness, pardon, atonement; frost; frosty, frosted; cup, goblet"
306,מטרונא,Domina [vide Kabbala Denudata p. 528]
306,ניצוצינ,[vide Kabbala Denudata p. 571]
306,קור,"bore, dig; turn, twist (of serpent); thread, film; web, spider's web"
306,רהעאל,Angel of 6 Swords
307,רבקה,Ribkah (Rebecca)
307,וריאצ,night Demon of 2nd Decan Scorpio
307,זרק,"to toss or throw, scatter abundantly; to be thrown, sprinkled"
308,שדד,"deal violently with, despoil, devatate, ruin"
308,בוש,be ashamed
308,בוקר,daybreak
308,קרוב,"near, close by; approximately; relation, relative, kinsman; proxinity, approximation, nearness; hymnologist"
308,קרח,"to make bald, shear, pluck, uproot; bald; ice; cold, frost"
308,רוקב,"rotting; one who rots, decays"
308,חקר,"to examine, investigate, probe, enquire, explore, interrogate"
308,חרק,"a harsh, grating sound; to grate, rattle, scratch, squeak, grind, gnash"
309,שאגה,roaring
309,שדה,"field, soil, land"
309,מנחראי,Angel of 2nd Decan Taurus
309,מוסגר,a leper [vide Kabbala Denudata p. 495]
309,קרחא,weaver (Aram.)
310,שוד,"violence, havoc"
310,עמר,sheaf; bind sheaves; deal tyrannically with
310,דוש,"tread, thresh"
310,כפיר,young lion
310,מדורינ,habitations (?)
310,רעמ,"thunder (n.); to thunder, roar, fuminate"
310,חשב,"think, account; ingenious work"
310,חבש,"to bind, bind up, bind on; to bandage, dress; to saddle; to imprison"
310,י ר ק,"the initials of Idra Rabba Qadisha. [Each letter is half of each letter of KTR, Kether]"
310,יש,"is, are; essence, being, existence, reality"
310,ירק,"green, greenness; herbs, herbage; spit"
310,ייצר,"formed [Idra Rabba Qadisha 227]; he will form"""""
311,שבט,"rod, staff, club, sceptre [Ps. xxiii. 4]"
311,עריאל,Angel of 9 Cups
311,איש,man (but vide Kabbala Denudata p. 83]
311,צפקיאל,"Tzaphkiel, the Archangel of Binah"
311,רפאל,"Rafael, Healing of God"", Archangel of Tiphareth, Archangel of Air; Angel of Mercury, and of Chokmah of Briah, etc."""
312,מערב,"west [cf. 272] (lit. from evening/sunset"")"""
312,ושו,night Demon of 3rd Decan Libra
312,חדש,"to renew, repair; new; new moon, month"
312,ישב,"sit, remain, dwell"
312,יבש,"to dry, dry up, be dry, wither, dehydrate, dessicate; dry, dried up; (fig.) monotonoous; dessicator"
313,אננאורה,Angel of 1st Decan Virgo
313,ברקאי,"morning star, announcement of dawn"
313,בושה,shame
313,מגרע,"diminution, vice, fault; shortage (of goods); recessed, having a niche,notched, nicked"
314,שטה,"to go astray, turn aside,deviate; to rebel; to jest, laugh, deride, mock, sneer at, ridicule, make fun of; acacia (plant)"
314,שדי,"Shaddai, The Almighty"", a name of GOD"""
314,הלל גמור,"praise [the] conclusion"" [vide Kabbala Denudata p. 275]"""
314,מטטרונ,"Metatron, Prince of Countenance, Archangel of Kether, and Angel of Tiphareth of Briah. [When spelt with Y after M, it denotes Shekinah.]"
314,רחוק,"far, distant, out of the way, remote; distance, remoteness"
315,עמרה,Gomorrah
315,גביש,crystal
315,מערה,"bare, naked place"
315,מראה הנוגה,"Visio Splendoris (the Vision of Splendor"") [n.b. this more properly means ""the vision of sadness""]"""
315,ושט,"gullet, esophagus"
315,יצירה,formation; the third Qabalistic world
316,שאיה,"desolation, ruin [vide Kabbala Denudata p. 54]"
316,שחח,"to bend, bow down (as in worship), crouch; to be bent, bowed, crouched"
316,עומר,"sheaf; a bundle, handful"
316,ושאגו,day Demon of 3rd Decan Aries
316,חבוש,put on (the head); saddled; imprisoned; prisoner
316,ישו,Jesus
316,ירוק,"green thing, green herb"
317,שיבה,old age; gray hairs; hoariness
317,פרזל,iron (Chaldee)
317,ואלפר,day Demon of 3rd Decan Taurus
317,יבשה,"dry land, mainland"
318,שיח,"a copse, bush, shrub; conversation, talk; meditation, thought; care, anxiety"
318,כיור וכנו,"labrum lavacri, et basio eius (lip of the laver, and its base"")"""
319,השטה,"to mock, deride"
320,עירמ,"a Duke of Edom [vide Liber 777, p. 22]"
320,נער,"growl; shake, shake out/off; boy, lad, youth; retainer, squire; youth, early life"
320,סריטיאל,Lesser Assistant Angel of Sag.
321,שאהיה,Angel of 9 Wands
321,אדימירונ,Qliphoth of Taurus
321,אלינכיר,Angel of 3rd Decan Cancer
321,לסלרא,Angel Lesser Angel governing Triplicity by Day of Virgo
322,כבש,"lamb; conqueror, subjucator, subduer; subdue, bring into bondage; footstool"
322,לברמימ,Angel Lesser Angel governing Triplicity by Night of Sag.
322,קו האמצעי,"linea media (the median line"")"""
323,שטוח,"flat, flattened; spread out"
323,אח רחוק,distant brother
323,סטנדר,Angel of 3rd Decan Aries
324,מיטטרונ,see no. 314; it denotes Shekinah
325,ברצבאל,Spirit of Mars
325,צריכה,"need, indigence; consumption (goods, etc.)"
325,גראפיאל,Intelligence of Mars
325,נערה,"girl, damsel"
325,נינדוהר,Angel of 2nd Decan Scorpio
326,שאייה,vision
326,יהשוה,"Jesus. [Note the letters of יהוה completed by {$}, 300 q.v., the Spirit of GOD]"
327,בוטיש,day Demon of 2nd Decan Virgo
327,כיצאור,night Demon of 3rd Decan Cap.
327,ישיבה,"sitting, settlement, residence, dwelling; meeting, session; [vide Kabbala Denudata p. 461]"
328,איברי המינ,genitalia; sexual organs
328,החשיה,Angel of 3 Wands
328,חשכ,"to become dark, grow dark, be dim; dark, darkness, obscurity; woe (Aram.); to withhold, restrain, keep back, refrain; to spare, save, deny; cessation, intermission"
329,טרסני,Angel of 1st Decan Libra
330,של,"error, fault, offense, crime; shawl, scarf; (part.) of, from, belonging to, made of"
330,מצר,"boundary, bound; to bound, border, fix boundaries, limit; distress, straitness; strait, isthmus, narrow pass; sorry, depressed; to Egyptianize"
330,סער,"hurricane, tempest; to storm, rage, be agitated; to disperse, scatter"
331,שאל,"to ask inquire, question, interrogate; to wish, seek; to apply, request, entreat, beg; to borrow, use metaphorically"
331,אשל,"grove, wood; tamarisk [salt cedar""; see Gen xxi. 33]; board and lodging"""
331,אפרימ,Ephraim
331,רציאל,Archangel of Chokmah
332,אנדרומאל,night Demon of 3rd Decan Pisces
332,אור היקוד,light of the fire
332,מבצר,"a Duke of Edom [vide Liber 777, p. 22]; fortress, fortification, citadel, stronghold"
332,מקומ פנוי,"locus vacuus (empty place"") [vide Kabbala Denudata p. 551]"""
332,יכבש,he will subdue/bring into bondage
333,שלג,snow (v. and n.)
333,איק בכר,Qabalah of the Nine Chambers
333,מגרמימ,"ossifying, converting into bone, becoming bone"
333,חורונזונ,"Choronzon [vide Dr. Dee, and Lib. 418, 10th Aire]"
334,קול דממה דקה,"a still, small voice [1 Kings, xix. 12]"
335,מערכה,"array, arrangement; army; row; battlefield; battle-line; battle, fight, campaign; act, part (theater); disposition of stars"
335,מלכ מלכי המלכימ,"the king of kings of kings"", a title of God [vide Kabbala Denudata p. 537]"""
335,ימי רעה,"evil days (lit. days of evil/calamity"")"""
336,שאלה,"question, inquiry; query; request, petition, plea, demand"
336,שבכיד,night Demon of 1st Decan Gem.
337,שאול,"Hell of Supernals; a City of Edom; the Place of Askings [vide Liber 777, p. 23]"
337,שלהב,"to inflame, kindle, fan, arouse, excite, set ablaze, fire, ignite"
337,הכביש,"to bend, bow (one's head)"
338,שלח,"to send forth; throw, fling, cast; a bird of prey, prob. cormorant"
338,בושל,"cooking; ripening, fruition"
338,לבוש,"dress, garment, garb, attire, clothing"
338,חלש,"to become weak; to weaken; weak, feeble, frail, exhausted; to cast lots; lot"
339,שלט,"to rule, govern, have dominion over, dominate, control, master, command; a shield"
340,שמ,"there, thither; name; noun, cognomen; designation, reputation, renown, fame; Divine Name"
340,ליש,"lion (poss. from a root meaning be strong"")"""
340,מצרי,Egyptian
340,פרס,"break in two, divide; a bird of prey, perhaps bearded vulture; to spread, deploy; to slice (break, cut) bread; to declare, make public; area near a tomb (which a priest may not enter); carpet;net; reward,award; prize, premium"
340,רעע,"be evil, bad; break (v.)"
340,ספר,"book; to count, number; to tell, relate, recount, narrate; to talk; to praise, count; to be told, related, recounted, narrated; to cut (hair); to be cut; counting, census; border, frontier, border district"
340,יסגדיברודיאל,Angel of 3rd Decan Sag.
341,שמא,"name, The Name (Chaldee)"
341,אשמ,"offend, be guilty; guilty (adj.); offense, guilt"
341,אמש,yesterday
341,פרה אדומה,a red cow
342,שביל,"path, lane, way, course, pathway, track"
342,בשמ,"perfume, scent, fragrance, spice, balm; to perfume, spice, aromatize; to be perfumed; to be tipsy"
342,פוכלור,night Demon of 2nd Decan Taurus
343,בהיסירונ,Qliphoth of Aqu.
343,ויאמר אלהימ,"and GOD said"" [Gen. i. 3]"""
344,בשביל,"for, because, for the sake of, in favor of, in order to/that"
344,פרדס,"a plantation, garden [Cant. iv. 13]"
345,שככה,"it/she decreased, abated [Esther, vii. 10]"
345,שלהי,"end (n., Aram.)"
345,שולט,dominator; dominant
345,שילה,Shiloh
345,אל שדי,GOD Almighty
345,אלהימ אחרימ,foreign gods
345,בשגמ,"because, for that; In that also"" - referred to Da'ath"""
345,השמ,"The Name, a synonym for יהוה"
345,לישה,lioness [vide Kabbala Denudata p. 501]
345,משה,"Moses [see 543, numerical Temurah of 345]"
345,מהש,5th :Sh:
346,צנור,"pipe, tube; channel, ditch, drain, duct, conduit; jet, hose"
346,מקור,"source, spring, fount, fountain, root, origin, infinitive; womb; beak, bill"
346,רצונ,"will, goodwill, wish, desire; acceptance; favor, grace"
347,אפריונ,palanquin [Cant. iii.9]; canopy
348,הירמ אביפ,"Hiram-Abif, a cunning artificer at the Temple of Solomon"
348,חשמ,third King of Edom
348,חמש,"five (f.); fifth part; five years; the Pentateuch; to divide into five; to arm, equip, fit out; belly, groin"
350,שנ,"tooth; claw, jaw, pawl; ivory; peak"
350,עפר,"Ophir; a young hart or stag; dust, dry earth"
350,ערפ,"back of neck, neck; break the neck (of an animal); drip, drop (v.)"
350,אליגוש,day Demon of 3rd Decan Leo
350,קרנ,"horn, the Horn; radiate, send out rays"
350,ריקמ,"vacuum; empty-handed; in vain, without cause; empty"
350,ספיר,a sapphire (Ex. xxviii. 18) [vide Kabbala Denudata p. 19]; lapis lazuli
351,אשימ,flames; Angels of Malkuth; burnt or incense offering
351,אנש,"man, mankind (mostly poetic); be weak, sick"
351,צנורה,jet (of water)
351,לוסנהר,Jupiter in Leo; Angel ruling 1st Decan Leo
351,מושה,Moses the Initiator
351,נשא,"lend(ing) on interest; usury; beguile, deceive"
352,ארכ אפימ,"long of nose"": patient, tolerant, long-suffering - a title of the supreme GOD"""
352,אור מעלה,"the Exalted Light (lit. light of ascent"")"""
352,ברקימ,lightning
352,נשב,blow
352,קרבנ,"sacrifice, offering, gift; vow; victim"
353,שמחה,"delight, joy, rejoicing, happiness, gladness, mirth; joyful occasion, festivity"
353,גשנ,Goshen
353,סוד יהוה ליראיו,the Secret pf יהוה to His fearers [Ps. xxv. 14]
353,חמשה,five (m.)
354,שמטה,"a letting drop (of exactions), a (temporary) remitting"
354,דשנ,grew fat; fatness; fat (adj.); anointed
355,שנה,"year; change (v.); repeat, do again"
355,ערפה,"Orpah, sister-in-law of Ruth"
355,מחשבה,thought; idea
355,נשה,"forget; lend, become a creditor"
356,עופר,"a young hart or stag; throwing dust, soiling with dust, covering with mud, pulverizing; one who throws dust, etc."
356,ארזי לבנונ,the Cedars of Lebanon
356,צנורי,"pipelike, tubular"
356,כפורימ,"forgivenesses, pardons, atonements"
356,מקורי,original
356,רוחינ דחיינ,spirits of the living
357,בשנה,shame
357,כגד יכש,"42-fold Name, Geburah in Yetzirah"
357,נושא,"subject, motif, theme, thesis, topic; bearer, carrier, boom"
358,משיח,"Messiah; anointed; the anointed of the Lord, the king"
358,נחש,"snake, serpent; Nechesh, the Serpent that initiated Eve; magic, sorcery, spell, enchantment; guess, divination; omen, augury; diviner, enchanter; coppersmith"
358,יבא שילה,Shiloh shall come
359,שטנ,adversary; Satan [vide Kabbala Denudata p. 235]
359,שטימ,two (f.)
359,סטריפ,Angel of 3rd Decan Pisces
360,שטנא,Satan (Aram.)
360,שני,"second (m.) (ordinal); scarlet, crimson; difference, variance"
360,שינ,the letter Shin spelt in full; urine; urinate
360,עריפ,cloud
360,השנה,the year [vide Kabbala Denudata p. 235]
360,מהשיה,Angel of 7 Wands
360,נשי,debt
360,רעמימ,thunders
360,ישימ,Angels of Jesod of Binah
361,אשינ,foundations (Chaldee)
361,אדני הארצ,"Adonai ha-Aretz, God of Malkuth"
361,אנשי,"men, people (Aram., also construct form)"
361,הר ציונ,The Mountain Zion
361,כשיאל,ruler of Saturn
361,מצראל,Angel of 7 Pentacles
362,יומ כפור,"Yom Kippur, the Day of Atonement"
363,שדי אל חי,"The Almighty and Ever-Living GOD (or, almighty God of life"")"""
364,שטנה,enmity; accusation
364,שדינ,demons
364,אור מופלא,hidden light
364,השטנ,"Satan (the adversary"")"""
365,נשיה,Earth of Tiphareth
365,פריעה,"letting the hair grow in neglect, unkemptness; uncovering; uncovering the corona in circumcision"
366,שנוי,"change, modification, alteration"
366,אנדראלפ,night Demon of 2nd Decan Cap.
366,חשבונ,"reckoning, account"
367,אישונ,"pupil (of the eye), eyeball; middle of night, darkness; a small man (dimin. of {AY$}); bull's eye (target)"
368,רוח אלהימ חיימ,"the Almighty and Ever-living GOD; breath (spirit) of the living God"""""
369,שטני,"Satanic, devilish, diabolical, fiendish, cruel"
369,שהדני,Angel of 2nd Decan Gem.
369,עולמ הבריאה,the World of Briah
369,חשמודאי,"Spirit of Luna [vide Liber 777, p. 19]"
370,שכנ,"to dwell, reside, settle down, abide, inhabit; to be inhabited, serve as a dwelling place; to house; to settle, make to settle"
370,שלמ,"Salem; be complete, sound; peace-offering, sacrifice for alliance or friendship; be in covenant of peace; recompense"
370,עש,moth; Ursa Major (astr.)
370,עקר,"root; essence, foundation, basis, essential, origin; principle, doctrine, main object, fundamental; dogma"
370,ערבי נחל,willows of the brook [Lev. xxiii. 40]
370,צפר,bird; Zopher (friend to Job)
370,קרע,"tear (v.), rend, cut, blame, curse; torn piece of garment"
370,רעננ,green
371,שמאל,the left
372,שבע,"seven (f.); to be satisfied, satiated, sated, content; to have abundance"
372,עשב,"herb, herbage"
372,עבש,shrivel
372,עקרב,Scorpio; scorpion; thorn; knotted scourge; bit (of bridle); mouthpiece; scorpion-shaped hook
372,כבשנ,"oven, furnace, kiln"
372,כבשימ,conquerors
372,נכבש,"to be conquered, occupred, subdued; pressed; pickled; paved375"
375,שלמה,Solomon
375,שמלה,a city of Edom
375,כלל ופרט,generally and specifically
376,שלומ,"peace [refers to Kether]; quiet, tranquility, safety; health; greeting, salutation; reward, requital, payment; bribery"
376,שוע,"cry (n.), cry for help; to cry, cry for help, implore"
376,עשו,"Esau, father of the men of Edom"
376,צפור,"a bird, fowl; sparrow"
376,מושל,"dominator, governor, ruler; writer of fables"
377,שבעה,"seven (m.); satiation, satisfaction, fill, repletion"
377,גיד הנשה,sinew of the thigh muscle [vide Gen. xxxii. 33]
378,שבוע,week; seven days; seven years
378,בשלומ,in peace
378,חשמל,"Chashmal; shining substance, amber (Bibl.); electricity"
379,אבשלומ,Abschalom
380,עצב עצבונ,"pain, trouble, misery (lit. pain of sorrow"")"""
380,ערפל,"cloud, heavy cloud, fog, mist; to fog, befog, obscure, blur, mist over, make indistinct"
380,מצרימ,Egypt
380,רצצ,crush
380,רקיע,"Heaven of Hod; firmament, heaven; expanse; canopy"
381,שלומה,"reward, payment, requital, recompense"
381,שועה,"cry, outcry, cry for help"
382,צאראצ,day Demon of 3rd Decan Libra
383,שבועה,"oath, testament; vow; curse (n.)"
385,שכינה,"Shekhinah (lit. indwelling""), Divine Presence, Godhead, holy inspiration; royalty, royal residence; rest"""
385,שפה,"lip; language, speech; border, edge, brim, margin, limit; labium (see {$PYH})"
385,עשיה,"Assiah, the World of Matter; act (n.), doing, making, deed, performance"
385,מהרנצ,Angel of 2nd Decan Libra
386,צירופ,"Tziruph, a table of Temurah"
386,לשונ,"tongue, language, speech, expression"
386,רוצצ,crushing; one who crushes
386,ישוע,Jesus
388,שלחנ,table
388,חלמיש,flint
388,חפש,"to search, explore, examine, devise; search (n.), examination, device; to set at liberty, free; to be set at liberty, be set free"
390,שצ,night Demon of 2nd Decan Gem.
390,שמנ,"oil, olive oil, fat; to grow fat; to oil, lubricate; to be oiled, lubricated; stout, corpulent; fertile, rich (soil); fat, fatness; lard"
390,שמימ,"heaven, sky"
390,מפרע,"uncovered, exposed; interrupted, disturbed"
390,פרנס,"to maintain, support, sustain; to supply, provide; to plan, devise, arrange, improve; supporter, leader (of community), administrator, chief"
390,זכר ונקבה,male and female [Gen v. 2]
391,רומ מעלה,the Inscrutable Height (Kether)
391,ישועה,"salvation, help, rescue; prosperity"
392,שבילימ,"paths, lanes, ways, courses"
392,בשמימ,"perfumes, scents, fragrances, spices"
394,שולחנ,table [vide no. 388]
394,נחשול,"storm, torrent, gale, wave, surge, billow, surf"
395,שפיה,"inclining, slanting; small lip; labium pudendi"
395,שופט,judge
395,אביר יעקב,"Protector of Jacob"", God"""
395,השמימ,"the heavens; By Heaven!"""""
395,מנשה,Manasseh
395,פשוט,"simple (m. adj.), plain, ordinary, common"
395,פרנסה,"maintenance, support, living, upkeep, livelihood; provision, means, fare"
396,יפוש,day Demon of 1st Decan Scorpio
397,שופיא,"Sophia, spelt in Hebrew"
397,אור פנימי,"Light of My Face"" (a title of Kether)"""
398,שחצ,"pride, arrogance, haughtiness; boastful, proud, arrogant, conceited,haughty"
398,סטרעטנ,Angel Lesser Angel governing Triplicity by Day of Aries
398,חמשימ,fifty
398,חפשי,"free, at liberty"
399,שגופי,"which is my body"""""
400,שנימ,two (m.); teeth
400,שק,"sack, bag; sackcloth"
400,שיככימ,Angels of Chesed of Briah
400,השמנה,"fattening, growing fat, adiposity, obesity; oiling (a machine), lubrication"
400,השמימה,"skyward; ad astra! (to the stars!"")"""
400,כשפ,"to practice magic, witchcraft; to be enchanted, bewitched, under a spell; magic, witchcraft, witch"
400,משכיל,"intellectual, intelligent, erudite, wise, enlightened; a title of Yesod"
400,פשוטה,"simple (f. adj.), plain, ordinary, common"
400,קרנימ,Karnaim (conquered by Israel)
401,ארר,to curse
401,את,"essence; (direct object marker); you (f.); together, with, and"
402,עכביש,spider
402,בקש,"to ask, beg, wish, desire, claim seek; to require, demand; to search; to intend, aim at"
402,ברר,"to select, choose, pick, prove, separate; to examine, investigate; to purify, cleanse, sift; selection (n.)"
402,בת,"daughter, girl"
403,אבנ ספיר,"stone of Sapphire"""""
404,שקד,"almond (tree); to be watchful, wakeful; to keep watch (guard, vigil)"
404,דת,"law, edict; religion, faith; denomination, edict, royal decree; custom"
404,נחשולי,billowy
405,שפכה,"penis, urethra [cf. no. 227, {ZKR}] [vide Deut. xxiii. 2]"
405,שקה,"cause to drink water, give to drink"
405,זחלי עפר,"fearful ones of the dust"" [Job]"""
406,שוק,"leg; thigh; to give abundantly; to desire, lust; desire, longing; market, market-place, bazaar"
406,עמ הארצ,"the people of the earth"""""
406,אתה,you (m.)
406,תו,"tau, 22nd letter; again, further, more (Aram.)"
407,שמנ טוב,"good oil"" [vide Ps. cxxxiii]"""
407,אות,"a sign, mark, signal, omen, symbol"
407,תבה,"ark (Noah's ark), Ark of the Law"
407,ימימ נוראימ,"Days of Awe"" (the New Year and the Day of Atonement); high holy days"""
408,אבהת,"fatherhood, parentage"
408,אבנ הספיר,"the stone of sapphire"""""
408,חשק,"to fasten, unite; desire, delight, pleasure, longing [vide Deut. x. 15]"
408,זאת,this (f.)
409,אבות,"fathers, parents; ancestors; patriarchs"
409,אחת,one (f.)
409,הקדש,"Ha-Qadesh, the Holy One"
410,שמע,"he has heard; hear!; let him hear, may he hear"
410,שקי,"Hod, 42-fold Name in Yetzirah"
410,דרור,"freedom, liberty; a swallow"
410,הרהר,"to think, meditate, reflect, ponder"
410,משכנ,"habitation, dwelling-place; tabernacle; sanctuary, temple; grave; to mortgage, pawn"
410,מצרפ,"crucible, melting pot; attached, enclosed, accompanying"
410,קדוש,"sacred, holy; holy man, saint; hallowed, sacrosanct; sanctification, purification"
411,טבת,10th month
411,אלישע,Elisha
411,היכל רצונ,Briatic Palace of Tiphareth
411,מוסדי ארצ,the foundations of the earth
411,סדר זמנימ,order of the seasons
411,תהו,"formlessness, confusion, unreality, emptiness"
412,בית,"house; beth, 2nd letter; to domesticate, tame"
412,צמר לבנ,white wool
412,רומ עליונ,exalted in the highest
412,תאוה,"desire, longing, sexual desire, lust, passion"
412,חדת,new (Chaldee)
412,יהשוה אלהימ,"Jesus GOD (or, Jesus is GOD"")"""
414,אינ סופ אור,the Limitless Light
414,אזות,"Azoth, _the_ fluid. A + Z (Lat.) + Omega (Grk.) + {T} (Heb.). Initial and final in 3 tongues."
414,הגות,"meditation, cogitation"
414,משוטטימ,wanderers
415,עשליה,Angel of 10 Cups
415,אחות,"sister, female relation, kinswoman, companion, mate"
415,הקדוש,the Holy One; Sodomite
415,מעשה,"deed, action, work, doing, labor, act"
416,שנויימ,"changes, modifications, alterations"
416,הרהור,"thought, meditation"
416,משכונ,"pawn, pledge; forfeit (n.)"
417,תיבה,"ark (Noah's ark), Ark of the Law"
417,זית,"olive, olive tree; olive grower"
418,בולשכינ,Boleskine
418,מאכאשאנה,"The word of the Aeon"" [Vide Liber 418]"""
418,חטאת,"sin, transgression, guilt; sin offering"
418,חית,"cheth, the 8th letter; a fence"
422,שבעימ,seventy (m. and f.)
422,עקרבימ,scorpions; thorns; knotted scourges
427,כבשהנימ,"ovens, funrnaces, kilns"
428,חשמלימ,"Chasmalim, Brilliant Ones"", the Angelic Host of Chesed"""
432,לשונ האמ,"mother tongue, native tongue"
449,גופ שני,second person
450,פשע,"rebel (vb), transgress"
453,בהמות,"Behemoth; animals, cattle"
453,מחתה,"fire-holder, censer, snuff-disk"
453,נפש חיה,"The Animal Soul in its Fulness, i.e. including the Creative Entity or Ego, Chiah; soul/self/life of a living being"
455,תכלה,"obstacle, hindrance, hurdle, stumbling-block; fault, failure, hitch; offence; incident, accident, mishap, disaster, misfortune"
458,נחת,"quietness, rest"
466,נוית,abode of prophets (prob. in Ramah)
467,פי שבעה,sevenfold
483,מזלות,"constellations, signs of the Zodiac"
485,חלמאות,foolishness
490,מלכת,kingdom; the 10th Sephirah
493,לשונ בני אדמ,"common parlance (tongue of sons of Man""); ordinary speech"""
501,אשר,"Go straight on, advance; happiness"
502,ברש,to brush; to be brushed
506,אשרה,Asherah; I will persevere
520,מזל בתולה,Virgo
521,כאשר,"(conj.) according as, as, when"
528,בפומת,"Baphomet, spelt in Hebrew"
530,תקל,(Aram.) to weigh
536,ממלכות,"kingdom, dominion, reign"
537,אצילות,archetype; the highest Qabalistic world
548,יהוה אלוה ודעת,"יהוה Eloah ve-Da'ath, the Divine Name of Tiphareth"
570,עשר,ten (f.)
575,עשרה,ten (f.)
580,פרש,"spread out, spread, make distinct, declare; pierce, sting; offal as ripped out (in preparing victim); horse, steed; horseman"
595,לשונ אחר,"in other words"""""
605,אדרת,glory; cloak
610,חברת,a thing that joins or is joined; consort (i.e. wife)
620,כתר,crown; the first Sephirah
630,שלש,three (f.)
630,שרפימ,"Seraphim, Flaming Ones"", the Angelic Host of Geburah"""
635,שלשה,three (m.)
636,שלוש,"trinity, triad, trio; three-square, triangular"
640,שמש,"Shemesh, Sun"
648,ברכת יהוה,the blessing of the LORD
650,גופ ראשינ,first person
663,נוראות,amazing things
670,תער,"razor, sheath"
687,לשונ אש,"flame, tongue of fire"
687,פראות,"wildness, savagery, barbarism"
700,רתק,bind (vb)
702,שבת,"seat, dwelling place"
702,בשת,shame
712,שבתי,Saturn; my Sabbath(s)
713,שבתאי,"Shabbathai, Saturn"
737,שלהבת,"a flame, blaze"
739,גופ שלישי,third person
739,מגרופית,plough-shank; hook-poker
754,אביר ישראל,"Protector of Israel"", God"""
760,נרתיק,sheath; wallet; vagina
833,חיות הקדש,"Living creatures of the Holy One"", the Angelic host of Kether"""
883,אור מתנוצצ,Lux oriens
906,הפכ את שולחנו,"(lit. he turned his table"") (euph.) to have abnormal intercourse (with a woman)"""
947,שבעה עשר,seventeen (m.)
965,שמ המפרש,"Shemhamphorasch, the name of the thing spread out"", the extended name of GOD"""
1.081,תפארת,beauty; the sixth Sephirah
1.084,אור שבעת הימימ,"the light of seven days of Creation (reserved, by legend, for the righteous)"
1.118,מנא מנא תקל ופרסינ,"Mene mene tekel upharsin"", the writing on the wall at Belshazzar's feast [Dan. v. 25]"""
1.211,שלוש עשרה,thirteen (f.)
1.211,שלושה עשר,thirteen (m.)